beta,target_idx,target_seed,repeat,repeat_seed,algorithm,fitness_variant,fidelity,gate_count
0.03,0,42,0,42000,EA,standard,0.2705039438073491,2
0.03,0,42,0,42000,SA,standard,0.3749882231529003,14
0.03,0,42,0,42000,EA,floor,0.38518056665985556,3
0.03,0,42,0,42000,SA,floor,0.015530239755973431,9
0.03,0,42,1,42001,EA,standard,0.4135815811866011,4
0.03,0,42,1,42001,SA,standard,0.29411990371863894,7
0.03,0,42,1,42001,EA,floor,0.31171613220899497,6
0.03,0,42,1,42001,SA,floor,0.11736921673288786,10
0.03,0,42,2,42002,EA,standard,0.2590679453900521,2
0.03,0,42,2,42002,SA,standard,0.343958223782869,6
0.03,0,42,2,42002,EA,floor,0.3089890220142106,6
0.03,0,42,2,42002,SA,floor,0.06812843827644126,13
0.03,1,43,0,43000,EA,standard,0.2906703370452356,2
0.03,1,43,0,43000,SA,standard,0.267958756704052,3
0.03,1,43,0,43000,EA,floor,0.42263547843295507,4
0.03,1,43,0,43000,SA,floor,0.4545050959861097,7
0.03,1,43,1,43001,EA,standard,0.29454670049678056,2
0.03,1,43,1,43001,SA,standard,0.30095097794585723,5
0.03,1,43,1,43001,EA,floor,0.3794936274145572,3
0.03,1,43,1,43001,SA,floor,0.0309063421399519,9
0.03,1,43,2,43002,EA,standard,0.29651911244124857,2
0.03,1,43,2,43002,SA,standard,0.4456751505801382,7
0.03,1,43,2,43002,EA,floor,0.4603722354153974,4
0.03,1,43,2,43002,SA,floor,0.38145204006683786,10
0.03,2,44,0,44000,EA,standard,0.3832058495483945,2
0.03,2,44,0,44000,SA,standard,0.37234059299219074,5
0.03,2,44,0,44000,EA,floor,0.45104267531837705,4
0.03,2,44,0,44000,SA,floor,0.008579940874322128,15
0.03,2,44,1,44001,EA,standard,0.41375830789951573,3
0.03,2,44,1,44001,SA,standard,0.3622985930551515,3
0.03,2,44,1,44001,EA,floor,0.44690527497886007,4
0.03,2,44,1,44001,SA,floor,0.3893719387866935,7
0.03,2,44,2,44002,EA,standard,0.27751223880961984,1
0.03,2,44,2,44002,SA,standard,0.47292100917036684,12
0.03,2,44,2,44002,EA,floor,0.3078670638224724,5
0.03,2,44,2,44002,SA,floor,0.02992981371411502,11
0.03,3,45,0,45000,EA,standard,0.3234040945768854,3
0.03,3,45,0,45000,SA,standard,0.2815358327911388,2
0.03,3,45,0,45000,EA,floor,0.39622521706420916,5
0.03,3,45,0,45000,SA,floor,0.4222641836186765,5
0.03,3,45,1,45001,EA,standard,0.2960788178905086,3
0.03,3,45,1,45001,SA,standard,0.3828566266982555,6
0.03,3,45,1,45001,EA,floor,0.33005683215033016,4
0.03,3,45,1,45001,SA,floor,0.012590097754562418,12
0.03,3,45,2,45002,EA,standard,0.2685481891336047,2
0.03,3,45,2,45002,SA,standard,0.2510712953595422,2
0.03,3,45,2,45002,EA,floor,0.31621453496169466,3
0.03,3,45,2,45002,SA,floor,0.3446992320694528,13
0.03,4,46,0,46000,EA,standard,0.4196840655704064,4
0.03,4,46,0,46000,SA,standard,0.23625730779617865,2
0.03,4,46,0,46000,EA,floor,0.3356791283979381,5
0.03,4,46,0,46000,SA,floor,0.3469333537619009,9
0.03,4,46,1,46001,EA,standard,0.49241413215148216,4
0.03,4,46,1,46001,SA,standard,0.3057321821191619,3
0.03,4,46,1,46001,EA,floor,0.35769829401550507,4
0.03,4,46,1,46001,SA,floor,0.03651266168229578,2
0.03,4,46,2,46002,EA,standard,0.436475233766035,5
0.03,4,46,2,46002,SA,standard,0.2531957337752321,2
0.03,4,46,2,46002,EA,floor,0.44435171061676415,5
0.03,4,46,2,46002,SA,floor,0.050481067839332164,1
0.03,5,47,0,47000,EA,standard,0.31848315724360715,3
0.03,5,47,0,47000,SA,standard,0.2999532484760296,3
0.03,5,47,0,47000,EA,floor,0.32724395994546507,3
0.03,5,47,0,47000,SA,floor,0.08079824860929424,2
0.03,5,47,1,47001,EA,standard,0.471651068501641,5
0.03,5,47,1,47001,SA,standard,0.32112881655089187,3
0.03,5,47,1,47001,EA,floor,0.3330448441383232,5
0.03,5,47,1,47001,SA,floor,0.057871845761868074,9
0.03,5,47,2,47002,EA,standard,0.2724521146225812,3
0.03,5,47,2,47002,SA,standard,0.30901651073951464,3
0.03,5,47,2,47002,EA,floor,0.3079301122837622,8
0.03,5,47,2,47002,SA,floor,0.33531099590436686,5
0.03,6,48,0,48000,EA,standard,0.5973152720705706,6
0.03,6,48,0,48000,SA,standard,0.3460297701798813,4
0.03,6,48,0,48000,EA,floor,0.41908539303467895,7
0.03,6,48,0,48000,SA,floor,0.4422156367284649,8
0.03,6,48,1,48001,EA,standard,0.5282961953398814,4
0.03,6,48,1,48001,SA,standard,0.34378019178949626,4
0.03,6,48,1,48001,EA,floor,0.4152254678701951,5
0.03,6,48,1,48001,SA,floor,0.45171215037853846,9
0.03,6,48,2,48002,EA,standard,0.5453749425939708,5
0.03,6,48,2,48002,SA,standard,0.23693924359394278,3
0.03,6,48,2,48002,EA,floor,0.4231253384212522,6
0.03,6,48,2,48002,SA,floor,0.0008317851363453628,4
0.03,7,49,0,49000,EA,standard,0.4665262023947495,4
0.03,7,49,0,49000,SA,standard,0.22209458168862167,5
0.03,7,49,0,49000,EA,floor,0.5287005354522356,6
0.03,7,49,0,49000,SA,floor,0.5220215060706432,7
0.03,7,49,1,49001,EA,standard,0.4966984012811029,4
0.03,7,49,1,49001,SA,standard,0.40843776145763966,7
0.03,7,49,1,49001,EA,floor,0.4206986419600856,4
0.03,7,49,1,49001,SA,floor,0.3963053079893512,3
0.03,7,49,2,49002,EA,standard,0.48759884371288126,4
0.03,7,49,2,49002,SA,standard,0.35673514709613424,3
0.03,7,49,2,49002,EA,floor,0.4871699157384313,10
0.03,7,49,2,49002,SA,floor,0.31538520618826255,8
0.03,8,50,0,50000,EA,standard,0.5376189614950696,4
0.03,8,50,0,50000,SA,standard,0.31519177969722234,2
0.03,8,50,0,50000,EA,floor,0.5827874640647749,4
0.03,8,50,0,50000,SA,floor,0.5123512481194539,5
0.03,8,50,1,50001,EA,standard,0.543728556804301,4
0.03,8,50,1,50001,SA,standard,0.3637682920801502,3
0.03,8,50,1,50001,EA,floor,0.546659277648534,4
0.03,8,50,1,50001,SA,floor,0.5482008146642333,8
0.03,8,50,2,50002,EA,standard,0.52617137700156,3
0.03,8,50,2,50002,SA,standard,0.35326005031423474,2
0.03,8,50,2,50002,EA,floor,0.4992384965115038,4
0.03,8,50,2,50002,SA,floor,0.5414793724605733,9
0.03,9,51,0,51000,EA,standard,0.4993783540146411,4
0.03,9,51,0,51000,SA,standard,0.2957919330684962,7
0.03,9,51,0,51000,EA,floor,0.5633300972230961,6
0.03,9,51,0,51000,SA,floor,0.0051935604439084905,4
0.03,9,51,1,51001,EA,standard,0.5782930195777646,5
0.03,9,51,1,51001,SA,standard,0.29944587449196197,5
0.03,9,51,1,51001,EA,floor,0.3672832252638366,8
0.03,9,51,1,51001,SA,floor,0.059209122025498245,5
0.03,9,51,2,51002,EA,standard,0.4946329417058432,4
0.03,9,51,2,51002,SA,standard,0.2649875048319787,4
0.03,9,51,2,51002,EA,floor,0.43382978670562344,4
0.03,9,51,2,51002,SA,floor,0.015243370345586336,12
0.03,10,52,0,52000,EA,standard,0.5116072606194398,3
0.03,10,52,0,52000,SA,standard,0.45363965589210087,5
0.03,10,52,0,52000,EA,floor,0.5401143508137024,4
0.03,10,52,0,52000,SA,floor,0.3509497480420855,2
0.03,10,52,1,52001,EA,standard,0.3696621156180509,2
0.03,10,52,1,52001,SA,standard,0.3840165557967595,2
0.03,10,52,1,52001,EA,floor,0.5350547525751113,3
0.03,10,52,1,52001,SA,floor,0.012714576859168932,9
0.03,10,52,2,52002,EA,standard,0.5030100910831657,3
0.03,10,52,2,52002,SA,standard,0.3122143555770322,5
0.03,10,52,2,52002,EA,floor,0.49512734071676623,3
0.03,10,52,2,52002,SA,floor,0.565512049697414,12
0.03,11,53,0,53000,EA,standard,0.6486164021602621,3
0.03,11,53,0,53000,SA,standard,0.6444052075815152,6
0.03,11,53,0,53000,EA,floor,0.6463303854220397,5
0.03,11,53,0,53000,SA,floor,0.5954366434738355,3
0.03,11,53,1,53001,EA,standard,0.5306273014405075,5
0.03,11,53,1,53001,SA,standard,0.6093638985740129,3
0.03,11,53,1,53001,EA,floor,0.6504700952205794,5
0.03,11,53,1,53001,SA,floor,0.537847581914555,3
0.03,11,53,2,53002,EA,standard,0.6177481152209332,3
0.03,11,53,2,53002,SA,standard,0.5283245475634616,6
0.03,11,53,2,53002,EA,floor,0.5817905444047594,3
0.03,11,53,2,53002,SA,floor,0.5224552831500852,4
0.03,12,54,0,54000,EA,standard,0.5749750792333299,4
0.03,12,54,0,54000,SA,standard,0.5580037343492549,3
0.03,12,54,0,54000,EA,floor,0.5710857470348025,5
0.03,12,54,0,54000,SA,floor,0.0018737078138292619,1
0.03,12,54,1,54001,EA,standard,0.5606091380623912,4
0.03,12,54,1,54001,SA,standard,0.36715515939534277,3
0.03,12,54,1,54001,EA,floor,0.5367967337451579,4
0.03,12,54,1,54001,SA,floor,0.012232009146297053,7
0.03,12,54,2,54002,EA,standard,0.6029211329056656,3
0.03,12,54,2,54002,SA,standard,0.4134567002558026,3
0.03,12,54,2,54002,EA,floor,0.5876498664173273,5
0.03,12,54,2,54002,SA,floor,0.4119151110318814,13
0.03,13,55,0,55000,EA,standard,0.35671733465208777,3
0.03,13,55,0,55000,SA,standard,0.2640438825968462,2
0.03,13,55,0,55000,EA,floor,0.3491671385816469,6
0.03,13,55,0,55000,SA,floor,0.06598342053340164,5
0.03,13,55,1,55001,EA,standard,0.365809309540585,2
0.03,13,55,1,55001,SA,standard,0.3638521027230185,3
0.03,13,55,1,55001,EA,floor,0.3902814581523221,4
0.03,13,55,1,55001,SA,floor,0.11408602836369719,13
0.03,13,55,2,55002,EA,standard,0.3751078458609993,3
0.03,13,55,2,55002,SA,standard,0.22275324899388388,1
0.03,13,55,2,55002,EA,floor,0.3334923823706679,7
0.03,13,55,2,55002,SA,floor,0.08982024751948489,13
0.03,14,56,0,56000,EA,standard,0.2524639034564882,1
0.03,14,56,0,56000,SA,standard,0.2979597928554591,2
0.03,14,56,0,56000,EA,floor,0.35068879245592327,11
0.03,14,56,0,56000,SA,floor,0.48717406378328526,11
0.03,14,56,1,56001,EA,standard,0.3983628253822042,3
0.03,14,56,1,56001,SA,standard,0.39071269760479316,4
0.03,14,56,1,56001,EA,floor,0.42934668837743506,5
0.03,14,56,1,56001,SA,floor,0.024819751653364124,4
0.03,14,56,2,56002,EA,standard,0.39346114944065663,3
0.03,14,56,2,56002,SA,standard,0.29705089188465805,4
0.03,14,56,2,56002,EA,floor,0.44189815476366806,4
0.03,14,56,2,56002,SA,floor,0.023976315989687663,11
0.03,15,57,0,57000,EA,standard,0.47834786840005417,3
0.03,15,57,0,57000,SA,standard,0.4173226583901424,4
0.03,15,57,0,57000,EA,floor,0.5272564286310083,6
0.03,15,57,0,57000,SA,floor,0.38757017377644054,5
0.03,15,57,1,57001,EA,standard,0.4997800021880017,5
0.03,15,57,1,57001,SA,standard,0.42945108035016,3
0.03,15,57,1,57001,EA,floor,0.43732139671174813,6
0.03,15,57,1,57001,SA,floor,0.004083318427958977,5
0.03,15,57,2,57002,EA,standard,0.5012405060662034,5
0.03,15,57,2,57002,SA,standard,0.4308785769991878,4
0.03,15,57,2,57002,EA,floor,0.3500553365927332,6
0.03,15,57,2,57002,SA,floor,0.4163764339180202,4
0.03,16,58,0,58000,EA,standard,0.3336609154395257,2
0.03,16,58,0,58000,SA,standard,0.3373771181452655,2
0.03,16,58,0,58000,EA,floor,0.30293938541274573,10
0.03,16,58,0,58000,SA,floor,0.379489844343281,6
0.03,16,58,1,58001,EA,standard,0.3243642785683657,2
0.03,16,58,1,58001,SA,standard,0.25218676639479887,2
0.03,16,58,1,58001,EA,floor,0.3441628335011024,8
0.03,16,58,1,58001,SA,floor,0.013293220922594589,5
0.03,16,58,2,58002,EA,standard,0.3624857146151842,3
0.03,16,58,2,58002,SA,standard,0.2706961836583729,3
0.03,16,58,2,58002,EA,floor,0.347329090788179,4
0.03,16,58,2,58002,SA,floor,0.009857080238643859,2
0.03,17,59,0,59000,EA,standard,0.27343614868133026,3
0.03,17,59,0,59000,SA,standard,0.19947558180511266,2
0.03,17,59,0,59000,EA,floor,0.3698861104806167,6
0.03,17,59,0,59000,SA,floor,0.002760555363823809,10
0.03,17,59,1,59001,EA,standard,0.19926993580342417,2
0.03,17,59,1,59001,SA,standard,0.14721366087831084,1
0.03,17,59,1,59001,EA,floor,0.11086868154744023,9
0.03,17,59,1,59001,SA,floor,0.11086868154744023,9
0.03,17,59,2,59002,EA,standard,0.23057884925083216,2
0.03,17,59,2,59002,SA,standard,0.16124515424615637,2
0.03,17,59,2,59002,EA,floor,0.3263836632476317,5
0.03,17,59,2,59002,SA,floor,0.16124515424615637,2
0.03,18,60,0,60000,EA,standard,0.2580405845278168,3
0.03,18,60,0,60000,SA,standard,0.3377461565247833,7
0.03,18,60,0,60000,EA,floor,0.08304911689723439,3
0.03,18,60,0,60000,SA,floor,0.08304911689723439,3
0.03,18,60,1,60001,EA,standard,0.30372454194168885,4
0.03,18,60,1,60001,SA,standard,0.26246306879830955,3
0.03,18,60,1,60001,EA,floor,0.3742051674520683,14
0.03,18,60,1,60001,SA,floor,0.04130025911136125,1
0.03,18,60,2,60002,EA,standard,0.2722172290924243,3
0.03,18,60,2,60002,SA,standard,0.18099256817331216,3
0.03,18,60,2,60002,EA,floor,0.3057902199175261,10
0.03,18,60,2,60002,SA,floor,0.03734474660287215,13
0.03,19,61,0,61000,EA,standard,0.3755618588274998,3
0.03,19,61,0,61000,SA,standard,0.1999600065834371,2
0.03,19,61,0,61000,EA,floor,0.4144740763717378,3
0.03,19,61,0,61000,SA,floor,0.017707065596215665,1
0.03,19,61,1,61001,EA,standard,0.4052964368881804,3
0.03,19,61,1,61001,SA,standard,0.0928437271830945,1
0.03,19,61,1,61001,EA,floor,0.4609307033995303,4
0.03,19,61,1,61001,SA,floor,0.3542501101347538,5
0.03,19,61,2,61002,EA,standard,0.415358767195444,3
0.03,19,61,2,61002,SA,standard,0.11729907810427977,2
0.03,19,61,2,61002,EA,floor,0.3549963401753222,4
0.03,19,61,2,61002,SA,floor,0.34937153163783796,4
0.05,0,42,0,42000,EA,standard,0.2705039438073491,2
0.05,0,42,0,42000,SA,standard,0.2572406539040084,2
0.05,0,42,0,42000,EA,floor,0.3782262102902928,3
0.05,0,42,0,42000,SA,floor,0.015530239755973431,9
0.05,0,42,1,42001,EA,standard,0.254592452629416,2
0.05,0,42,1,42001,SA,standard,0.24921368537484415,4
0.05,0,42,1,42001,EA,floor,0.3084812710662893,5
0.05,0,42,1,42001,SA,floor,0.11736921673288786,10
0.05,0,42,2,42002,EA,standard,0.3772229273781267,3
0.05,0,42,2,42002,SA,standard,0.30943450101672015,3
0.05,0,42,2,42002,EA,floor,0.3089890220142106,6
0.05,0,42,2,42002,SA,floor,0.06812843827644126,13
0.05,1,43,0,43000,EA,standard,0.2906703370452356,2
0.05,1,43,0,43000,SA,standard,0.29120817421173784,2
0.05,1,43,0,43000,EA,floor,0.4221025367153561,5
0.05,1,43,0,43000,SA,floor,0.4545050959861097,7
0.05,1,43,1,43001,EA,standard,0.29652677771484665,2
0.05,1,43,1,43001,SA,standard,0.49245776200137376,6
0.05,1,43,1,43001,EA,floor,0.3709169996503292,3
0.05,1,43,1,43001,SA,floor,0.0309063421399519,9
0.05,1,43,2,43002,EA,standard,0.29651911244124857,2
0.05,1,43,2,43002,SA,standard,0.23252238015329285,1
0.05,1,43,2,43002,EA,floor,0.42998082374012375,3
0.05,1,43,2,43002,SA,floor,0.4345014559597775,9
0.05,2,44,0,44000,EA,standard,0.3719684705127556,2
0.05,2,44,0,44000,SA,standard,0.23437231284444668,4
0.05,2,44,0,44000,EA,floor,0.3619978704042988,3
0.05,2,44,0,44000,SA,floor,0.008579940874322128,15
0.05,2,44,1,44001,EA,standard,0.2757204343114938,1
0.05,2,44,1,44001,SA,standard,0.3255953233895297,2
0.05,2,44,1,44001,EA,floor,0.3848300044966614,3
0.05,2,44,1,44001,SA,floor,0.3420106948903268,7
0.05,2,44,2,44002,EA,standard,0.27751223880961984,1
0.05,2,44,2,44002,SA,standard,0.3407073557088786,5
0.05,2,44,2,44002,EA,floor,0.3753596812586273,4
0.05,2,44,2,44002,SA,floor,0.02992981371411502,11
0.05,3,45,0,45000,EA,standard,0.27845924075340356,2
0.05,3,45,0,45000,SA,standard,0.2815358327911388,2
0.05,3,45,0,45000,EA,floor,0.4639374918296758,9
0.05,3,45,0,45000,SA,floor,0.48133182526562424,5
0.05,3,45,1,45001,EA,standard,0.3076909985430983,3
0.05,3,45,1,45001,SA,standard,0.259177205547623,2
0.05,3,45,1,45001,EA,floor,0.4357106776631452,7
0.05,3,45,1,45001,SA,floor,0.012590097754562418,12
0.05,3,45,2,45002,EA,standard,0.29743699494953063,2
0.05,3,45,2,45002,SA,standard,0.2510712953595422,2
0.05,3,45,2,45002,EA,floor,0.3161474942347432,3
0.05,3,45,2,45002,SA,floor,0.3704221098058975,10
0.05,4,46,0,46000,EA,standard,0.4810146932245028,4
0.05,4,46,0,46000,SA,standard,0.2504633115016408,2
0.05,4,46,0,46000,EA,floor,0.30236537634674393,5
0.05,4,46,0,46000,SA,floor,0.3469333537619009,9
0.05,4,46,1,46001,EA,standard,0.3883100799659815,3
0.05,4,46,1,46001,SA,standard,0.3057321821191619,3
0.05,4,46,1,46001,EA,floor,0.35769829401550507,4
0.05,4,46,1,46001,SA,floor,0.03651266168229578,2
0.05,4,46,2,46002,EA,standard,0.3946478668817591,3
0.05,4,46,2,46002,SA,standard,0.2531957337752321,2
0.05,4,46,2,46002,EA,floor,0.42304519536138363,5
0.05,4,46,2,46002,SA,floor,0.050481067839332164,1
0.05,5,47,0,47000,EA,standard,0.3309952073843735,3
0.05,5,47,0,47000,SA,standard,0.31866321808800063,3
0.05,5,47,0,47000,EA,floor,0.32724395994546507,3
0.05,5,47,0,47000,SA,floor,0.08079824860929424,2
0.05,5,47,1,47001,EA,standard,0.39309512814500136,4
0.05,5,47,1,47001,SA,standard,0.32112881655089187,3
0.05,5,47,1,47001,EA,floor,0.3228491876547184,3
0.05,5,47,1,47001,SA,floor,0.057871845761868074,9
0.05,5,47,2,47002,EA,standard,0.4658776374564807,5
0.05,5,47,2,47002,SA,standard,0.30901651073951464,3
0.05,5,47,2,47002,EA,floor,0.3090165107395148,7
0.05,5,47,2,47002,SA,floor,0.3224965825309996,5
0.05,6,48,0,48000,EA,standard,0.5326186207549877,4
0.05,6,48,0,48000,SA,standard,0.2608036907125151,3
0.05,6,48,0,48000,EA,floor,0.45259894005044893,5
0.05,6,48,0,48000,SA,floor,0.3703222546222663,5
0.05,6,48,1,48001,EA,standard,0.620169406335801,4
0.05,6,48,1,48001,SA,standard,0.3750642354000625,3
0.05,6,48,1,48001,EA,floor,0.5942873188549395,7
0.05,6,48,1,48001,SA,floor,0.3498784477557033,8
0.05,6,48,2,48002,EA,standard,0.24918145749334875,2
0.05,6,48,2,48002,SA,standard,0.241391518698459,2
0.05,6,48,2,48002,EA,floor,0.31563933211923406,5
0.05,6,48,2,48002,SA,floor,0.0008317851363453628,4
0.05,7,49,0,49000,EA,standard,0.40275335224477343,3
0.05,7,49,0,49000,SA,standard,0.19037346788915116,2
0.05,7,49,0,49000,EA,floor,0.5412916196556138,6
0.05,7,49,0,49000,SA,floor,0.3830925622665267,6
0.05,7,49,1,49001,EA,standard,0.5559875505268644,5
0.05,7,49,1,49001,SA,standard,0.39287184918169227,3
0.05,7,49,1,49001,EA,floor,0.3857049353953737,3
0.05,7,49,1,49001,SA,floor,0.3963053079893512,3
0.05,7,49,2,49002,EA,standard,0.45677522359402917,4
0.05,7,49,2,49002,SA,standard,0.30895139720404335,3
0.05,7,49,2,49002,EA,floor,0.44918813484051207,6
0.05,7,49,2,49002,SA,floor,0.31538520618826255,8
0.05,8,50,0,50000,EA,standard,0.5952142622452552,5
0.05,8,50,0,50000,SA,standard,0.36464737493569,2
0.05,8,50,0,50000,EA,floor,0.4789570495455379,3
0.05,8,50,0,50000,SA,floor,0.5110911026849804,5
0.05,8,50,1,50001,EA,standard,0.609588775822937,4
0.05,8,50,1,50001,SA,standard,0.3637682920801502,3
0.05,8,50,1,50001,EA,floor,0.587322652696973,5
0.05,8,50,1,50001,SA,floor,0.45941697361108386,6
0.05,8,50,2,50002,EA,standard,0.49994173995212565,3
0.05,8,50,2,50002,SA,standard,0.34547806219424637,3
0.05,8,50,2,50002,EA,floor,0.5126484278987697,3
0.05,8,50,2,50002,SA,floor,0.39450254987191136,8
0.05,9,51,0,51000,EA,standard,0.4670754085560552,4
0.05,9,51,0,51000,SA,standard,0.31143128689578464,5
0.05,9,51,0,51000,EA,floor,0.4667227110774562,4
0.05,9,51,0,51000,SA,floor,0.0051935604439084905,4
0.05,9,51,1,51001,EA,standard,0.09753226195471082,1
0.05,9,51,1,51001,SA,standard,0.10101287128700683,1
0.05,9,51,1,51001,EA,floor,0.3672832252638366,8
0.05,9,51,1,51001,SA,floor,0.059209122025498245,5
0.05,9,51,2,51002,EA,standard,0.5494724377371646,4
0.05,9,51,2,51002,SA,standard,0.21402986962097148,3
0.05,9,51,2,51002,EA,floor,0.370998317710938,5
0.05,9,51,2,51002,SA,floor,0.015243370345586336,12
0.05,10,52,0,52000,EA,standard,0.30017058249382944,1
0.05,10,52,0,52000,SA,standard,0.32798020790042054,3
0.05,10,52,0,52000,EA,floor,0.5211229580017445,4
0.05,10,52,0,52000,SA,floor,0.3509497480420855,2
0.05,10,52,1,52001,EA,standard,0.32564766308399457,1
0.05,10,52,1,52001,SA,standard,0.37804206761282816,2
0.05,10,52,1,52001,EA,floor,0.39016982793761,2
0.05,10,52,1,52001,SA,floor,0.012714576859168932,9
0.05,10,52,2,52002,EA,standard,0.45933857867039685,3
0.05,10,52,2,52002,SA,standard,0.40267798742369254,4
0.05,10,52,2,52002,EA,floor,0.5451768343696287,3
0.05,10,52,2,52002,SA,floor,0.46402417709661103,10
0.05,11,53,0,53000,EA,standard,0.5499563245749739,3
0.05,11,53,0,53000,SA,standard,0.5225992076374856,5
0.05,11,53,0,53000,EA,floor,0.6168571319359135,4
0.05,11,53,0,53000,SA,floor,0.6082953436212295,5
0.05,11,53,1,53001,EA,standard,0.5113754632427082,3
0.05,11,53,1,53001,SA,standard,0.6093638985740129,3
0.05,11,53,1,53001,EA,floor,0.6180302233819291,4
0.05,11,53,1,53001,SA,floor,0.537847581914555,3
0.05,11,53,2,53002,EA,standard,0.5023021896185134,3
0.05,11,53,2,53002,SA,standard,0.3609169245429604,2
0.05,11,53,2,53002,EA,floor,0.5947615488881938,5
0.05,11,53,2,53002,SA,floor,0.5224552831500852,4
0.05,12,54,0,54000,EA,standard,0.5901782877498747,3
0.05,12,54,0,54000,SA,standard,0.5395053922216725,3
0.05,12,54,0,54000,EA,floor,0.6003992559467526,3
0.05,12,54,0,54000,SA,floor,0.0018737078138292619,1
0.05,12,54,1,54001,EA,standard,0.5314677735584264,3
0.05,12,54,1,54001,SA,standard,0.3210930745307586,3
0.05,12,54,1,54001,EA,floor,0.5306089132278167,4
0.05,12,54,1,54001,SA,floor,0.012232009146297053,7
0.05,12,54,2,54002,EA,standard,0.5469132380123868,4
0.05,12,54,2,54002,SA,standard,0.33058088342308495,3
0.05,12,54,2,54002,EA,floor,0.5578168369857179,4
0.05,12,54,2,54002,SA,floor,0.38956938820096154,13
0.05,13,55,0,55000,EA,standard,0.3353727734329863,2
0.05,13,55,0,55000,SA,standard,0.2640438825968462,2
0.05,13,55,0,55000,EA,floor,0.35047711306804585,2
0.05,13,55,0,55000,SA,floor,0.06598342053340164,5
0.05,13,55,1,55001,EA,standard,0.3045127948531787,2
0.05,13,55,1,55001,SA,standard,0.3638521027230185,3
0.05,13,55,1,55001,EA,floor,0.4187765453782036,4
0.05,13,55,1,55001,SA,floor,0.11408602836369719,13
0.05,13,55,2,55002,EA,standard,0.33138051833936366,2
0.05,13,55,2,55002,SA,standard,0.35862573230906536,4
0.05,13,55,2,55002,EA,floor,0.3334923823706679,7
0.05,13,55,2,55002,SA,floor,0.08982024751948489,13
0.05,14,56,0,56000,EA,standard,0.4804792568161002,4
0.05,14,56,0,56000,SA,standard,0.2979597928554591,2
0.05,14,56,0,56000,EA,floor,0.35068879245592327,11
0.05,14,56,0,56000,SA,floor,0.48717406378328526,11
0.05,14,56,1,56001,EA,standard,0.24821407823430014,1
0.05,14,56,1,56001,SA,standard,0.3295759964851527,3
0.05,14,56,1,56001,EA,floor,0.42934668837743506,5
0.05,14,56,1,56001,SA,floor,0.024819751653364124,4
0.05,14,56,2,56002,EA,standard,0.34297891672755054,2
0.05,14,56,2,56002,SA,standard,0.32959279767165345,2
0.05,14,56,2,56002,EA,floor,0.46631419419335024,4
0.05,14,56,2,56002,SA,floor,0.023976315989687663,11
0.05,15,57,0,57000,EA,standard,0.4649072668185916,3
0.05,15,57,0,57000,SA,standard,0.342755068708283,3
0.05,15,57,0,57000,EA,floor,0.44478965090687017,4
0.05,15,57,0,57000,SA,floor,0.38757017377644054,5
0.05,15,57,1,57001,EA,standard,0.43908045833864123,3
0.05,15,57,1,57001,SA,standard,0.45536670756954684,3
0.05,15,57,1,57001,EA,floor,0.4554434128504849,4
0.05,15,57,1,57001,SA,floor,0.004083318427958977,5
0.05,15,57,2,57002,EA,standard,0.49066440874836703,4
0.05,15,57,2,57002,SA,standard,0.4255339819189497,3
0.05,15,57,2,57002,EA,floor,0.46752643015120804,4
0.05,15,57,2,57002,SA,floor,0.4163764339180202,4
0.05,16,58,0,58000,EA,standard,0.23968356042560762,1
0.05,16,58,0,58000,SA,standard,0.3373771181452655,2
0.05,16,58,0,58000,EA,floor,0.30293938541274573,10
0.05,16,58,0,58000,SA,floor,0.4080683834088569,9
0.05,16,58,1,58001,EA,standard,0.3356683226949975,2
0.05,16,58,1,58001,SA,standard,0.25218676639479887,2
0.05,16,58,1,58001,EA,floor,0.4143017422090103,9
0.05,16,58,1,58001,SA,floor,0.013293220922594589,5
0.05,16,58,2,58002,EA,standard,0.30112656434360346,2
0.05,16,58,2,58002,SA,standard,0.2503495587319302,1
0.05,16,58,2,58002,EA,floor,0.33817369574576184,4
0.05,16,58,2,58002,SA,floor,0.009857080238643859,2
0.05,17,59,0,59000,EA,standard,0.2298802029834762,2
0.05,17,59,0,59000,SA,standard,0.144590333101538,1
0.05,17,59,0,59000,EA,floor,0.3698861104806167,6
0.05,17,59,0,59000,SA,floor,0.002760555363823809,10
0.05,17,59,1,59001,EA,standard,0.23834226236585124,2
0.05,17,59,1,59001,SA,standard,0.14721366087831084,1
0.05,17,59,1,59001,EA,floor,0.11086868154744023,9
0.05,17,59,1,59001,SA,floor,0.11086868154744023,9
0.05,17,59,2,59002,EA,standard,0.22875407612422594,2
0.05,17,59,2,59002,SA,standard,0.21852139072227694,2
0.05,17,59,2,59002,EA,floor,0.3263836632476317,5
0.05,17,59,2,59002,SA,floor,0.16124515424615637,2
0.05,18,60,0,60000,EA,standard,0.29139451472686895,3
0.05,18,60,0,60000,SA,standard,0.08393883387409873,1
0.05,18,60,0,60000,EA,floor,0.08304911689723439,3
0.05,18,60,0,60000,SA,floor,0.08304911689723439,3
0.05,18,60,1,60001,EA,standard,0.2330048156319937,3
0.05,18,60,1,60001,SA,standard,0.26246306879830955,3
0.05,18,60,1,60001,EA,floor,0.3742051674520683,14
0.05,18,60,1,60001,SA,floor,0.04130025911136125,1
0.05,18,60,2,60002,EA,standard,0.2707006198474774,3
0.05,18,60,2,60002,SA,standard,0.2664910717383789,3
0.05,18,60,2,60002,EA,floor,0.3057902199175261,10
0.05,18,60,2,60002,SA,floor,0.03734474660287215,13
0.05,19,61,0,61000,EA,standard,0.09276288325209849,1
0.05,19,61,0,61000,SA,standard,0.09471339115010766,1
0.05,19,61,0,61000,EA,floor,0.39875738884198836,3
0.05,19,61,0,61000,SA,floor,0.017707065596215665,1
0.05,19,61,1,61001,EA,standard,0.4110563902309263,3
0.05,19,61,1,61001,SA,standard,0.3318227677238421,3
0.05,19,61,1,61001,EA,floor,0.41351878228964273,3
0.05,19,61,1,61001,SA,floor,0.3542501101347538,5
0.05,19,61,2,61002,EA,standard,0.38896768971701284,3
0.05,19,61,2,61002,SA,standard,0.08699183118757241,1
0.05,19,61,2,61002,EA,floor,0.3549963401753222,4
0.05,19,61,2,61002,SA,floor,0.34937153163783796,4
0.07,0,42,0,42000,EA,standard,0.2705039438073491,2
0.07,0,42,0,42000,SA,standard,0.254592452629416,2
0.07,0,42,0,42000,EA,floor,0.38518056665985556,3
0.07,0,42,0,42000,SA,floor,0.015530239755973431,9
0.07,0,42,1,42001,EA,standard,0.254592452629416,2
0.07,0,42,1,42001,SA,standard,0.17781564500172437,1
0.07,0,42,1,42001,EA,floor,0.3084812710662893,5
0.07,0,42,1,42001,SA,floor,0.11736921673288786,10
0.07,0,42,2,42002,EA,standard,0.3979339478849389,3
0.07,0,42,2,42002,SA,standard,0.2657895878914205,2
0.07,0,42,2,42002,EA,floor,0.3089890220142106,6
0.07,0,42,2,42002,SA,floor,0.06812843827644126,13
0.07,1,43,0,43000,EA,standard,0.2366808479682626,1
0.07,1,43,0,43000,SA,standard,0.2361751955939629,1
0.07,1,43,0,43000,EA,floor,0.374970578281795,7
0.07,1,43,0,43000,SA,floor,0.39502458220933717,6
0.07,1,43,1,43001,EA,standard,0.24367641541628735,1
0.07,1,43,1,43001,SA,standard,0.27759892399575253,3
0.07,1,43,1,43001,EA,floor,0.3709169996503292,3
0.07,1,43,1,43001,SA,floor,0.0309063421399519,9
0.07,1,43,2,43002,EA,standard,0.23481348723399173,1
0.07,1,43,2,43002,SA,standard,0.23252238015329285,1
0.07,1,43,2,43002,EA,floor,0.5070648612041407,5
0.07,1,43,2,43002,SA,floor,0.3907675420043496,8
0.07,2,44,0,44000,EA,standard,0.3790394983659041,2
0.07,2,44,0,44000,SA,standard,0.31491475970696015,3
0.07,2,44,0,44000,EA,floor,0.3913491553100587,3
0.07,2,44,0,44000,SA,floor,0.008579940874322128,15
0.07,2,44,1,44001,EA,standard,0.2757204343114938,1
0.07,2,44,1,44001,SA,standard,0.262148282826715,1
0.07,2,44,1,44001,EA,floor,0.4491433769247522,4
0.07,2,44,1,44001,SA,floor,0.3420106948903268,7
0.07,2,44,2,44002,EA,standard,0.27751223880961984,1
0.07,2,44,2,44002,SA,standard,0.3407073557088786,5
0.07,2,44,2,44002,EA,floor,0.3407073557088786,3
0.07,2,44,2,44002,SA,floor,0.02992981371411502,11
0.07,3,45,0,45000,EA,standard,0.2381832656546852,2
0.07,3,45,0,45000,SA,standard,0.2815358327911388,2
0.07,3,45,0,45000,EA,floor,0.40034120987482974,6
0.07,3,45,0,45000,SA,floor,0.48681685965512855,5
0.07,3,45,1,45001,EA,standard,0.29525413384011423,2
0.07,3,45,1,45001,SA,standard,0.259177205547623,2
0.07,3,45,1,45001,EA,floor,0.4357106776631452,7
0.07,3,45,1,45001,SA,floor,0.012590097754562418,12
0.07,3,45,2,45002,EA,standard,0.2976048806277688,2
0.07,3,45,2,45002,SA,standard,0.2510712953595422,2
0.07,3,45,2,45002,EA,floor,0.3161474942347432,3
0.07,3,45,2,45002,SA,floor,0.3704221098058975,10
0.07,4,46,0,46000,EA,standard,0.24371883823226134,2
0.07,4,46,0,46000,SA,standard,0.23779339365920668,2
0.07,4,46,0,46000,EA,floor,0.30236537634674393,5
0.07,4,46,0,46000,SA,floor,0.3469333537619009,9
0.07,4,46,1,46001,EA,standard,0.33885705607714284,3
0.07,4,46,1,46001,SA,standard,0.24140337087486086,2
0.07,4,46,1,46001,EA,floor,0.35769829401550507,4
0.07,4,46,1,46001,SA,floor,0.03651266168229578,2
0.07,4,46,2,46002,EA,standard,0.24034469350742815,2
0.07,4,46,2,46002,SA,standard,0.2531957337752321,2
0.07,4,46,2,46002,EA,floor,0.39272676356196995,4
0.07,4,46,2,46002,SA,floor,0.050481067839332164,1
0.07,5,47,0,47000,EA,standard,0.17600552716329765,1
0.07,5,47,0,47000,SA,standard,0.17600552716329765,1
0.07,5,47,0,47000,EA,floor,0.32724395994546507,3
0.07,5,47,0,47000,SA,floor,0.08079824860929424,2
0.07,5,47,1,47001,EA,standard,0.17600552716329765,1
0.07,5,47,1,47001,SA,standard,0.17600552716329765,1
0.07,5,47,1,47001,EA,floor,0.3184878064873557,3
0.07,5,47,1,47001,SA,floor,0.057871845761868074,9
0.07,5,47,2,47002,EA,standard,0.17600552716329765,1
0.07,5,47,2,47002,SA,standard,0.17672989007899,1
0.07,5,47,2,47002,EA,floor,0.3090165107395148,7
0.07,5,47,2,47002,SA,floor,0.3224965825309996,5
0.07,6,48,0,48000,EA,standard,0.41999784249050887,4
0.07,6,48,0,48000,SA,standard,0.2955508029950559,3
0.07,6,48,0,48000,EA,floor,0.3879699623270823,3
0.07,6,48,0,48000,SA,floor,0.3703222546222663,5
0.07,6,48,1,48001,EA,standard,0.2628237447877417,2
0.07,6,48,1,48001,SA,standard,0.35938744360690933,3
0.07,6,48,1,48001,EA,floor,0.532077830443092,5
0.07,6,48,1,48001,SA,floor,0.3498784477557033,8
0.07,6,48,2,48002,EA,standard,0.3331080090879911,3
0.07,6,48,2,48002,SA,standard,0.241391518698459,2
0.07,6,48,2,48002,EA,floor,0.3395739072906967,4
0.07,6,48,2,48002,SA,floor,0.0008317851363453628,4
0.07,7,49,0,49000,EA,standard,0.3492939202129786,3
0.07,7,49,0,49000,SA,standard,0.18491791372149063,2
0.07,7,49,0,49000,EA,floor,0.3823498967443666,3
0.07,7,49,0,49000,SA,floor,0.3830925622665267,6
0.07,7,49,1,49001,EA,standard,0.5010297630827795,4
0.07,7,49,1,49001,SA,standard,0.39287184918169227,3
0.07,7,49,1,49001,EA,floor,0.3857049353953737,3
0.07,7,49,1,49001,SA,floor,0.3963053079893512,3
0.07,7,49,2,49002,EA,standard,0.5018080699426736,5
0.07,7,49,2,49002,SA,standard,0.20189272565537836,2
0.07,7,49,2,49002,EA,floor,0.3611283866701061,3
0.07,7,49,2,49002,SA,floor,0.31538520618826255,8
0.07,8,50,0,50000,EA,standard,0.5605761897025885,4
0.07,8,50,0,50000,SA,standard,0.36464737493569,2
0.07,8,50,0,50000,EA,floor,0.48958135500635147,3
0.07,8,50,0,50000,SA,floor,0.5128387818011143,5
0.07,8,50,1,50001,EA,standard,0.6446344317275342,4
0.07,8,50,1,50001,SA,standard,0.3120863295460979,2
0.07,8,50,1,50001,EA,floor,0.50838370521546,4
0.07,8,50,1,50001,SA,floor,0.45941697361108386,6
0.07,8,50,2,50002,EA,standard,0.3695704245712254,2
0.07,8,50,2,50002,SA,standard,0.5064701790440117,5
0.07,8,50,2,50002,EA,floor,0.45669205907020627,3
0.07,8,50,2,50002,SA,floor,0.39450254987191136,8
0.07,9,51,0,51000,EA,standard,0.18023374957735433,2
0.07,9,51,0,51000,SA,standard,0.3939417686399054,5
0.07,9,51,0,51000,EA,floor,0.4797441634248391,4
0.07,9,51,0,51000,SA,floor,0.0051935604439084905,4
0.07,9,51,1,51001,EA,standard,0.09753226195471082,1
0.07,9,51,1,51001,SA,standard,0.10101287128700683,1
0.07,9,51,1,51001,EA,floor,0.3672832252638366,8
0.07,9,51,1,51001,SA,floor,0.059209122025498245,5
0.07,9,51,2,51002,EA,standard,0.10457950387034191,1
0.07,9,51,2,51002,SA,standard,0.09697293121582418,1
0.07,9,51,2,51002,EA,floor,0.32381871432964743,6
0.07,9,51,2,51002,SA,floor,0.015243370345586336,12
0.07,10,52,0,52000,EA,standard,0.2984711320133905,1
0.07,10,52,0,52000,SA,standard,0.32798020790042054,3
0.07,10,52,0,52000,EA,floor,0.3008945467639369,2
0.07,10,52,0,52000,SA,floor,0.3509497480420855,2
0.07,10,52,1,52001,EA,standard,0.32564766308399457,1
0.07,10,52,1,52001,SA,standard,0.326625025298319,1
0.07,10,52,1,52001,EA,floor,0.3265258497481237,1
0.07,10,52,1,52001,SA,floor,0.012714576859168932,9
0.07,10,52,2,52002,EA,standard,0.30816018278733154,1
0.07,10,52,2,52002,SA,standard,0.3385041129058771,3
0.07,10,52,2,52002,EA,floor,0.3960072915309772,2
0.07,10,52,2,52002,SA,floor,0.39718069709132353,9
0.07,11,53,0,53000,EA,standard,0.5710692409207878,3
0.07,11,53,0,53000,SA,standard,0.5225992076374856,5
0.07,11,53,0,53000,EA,floor,0.6151651611934447,3
0.07,11,53,0,53000,SA,floor,0.5954366434738355,3
0.07,11,53,1,53001,EA,standard,0.5113754632427082,3
0.07,11,53,1,53001,SA,standard,0.6093638985740129,3
0.07,11,53,1,53001,EA,floor,0.6291652752563717,3
0.07,11,53,1,53001,SA,floor,0.537847581914555,3
0.07,11,53,2,53002,EA,standard,0.45928593124555583,3
0.07,11,53,2,53002,SA,standard,0.3792233293180721,2
0.07,11,53,2,53002,EA,floor,0.5955219935098853,3
0.07,11,53,2,53002,SA,floor,0.5224552831500852,4
0.07,12,54,0,54000,EA,standard,0.4464584859864557,3
0.07,12,54,0,54000,SA,standard,0.1727318591651608,1
0.07,12,54,0,54000,EA,floor,0.6003992559467526,3
0.07,12,54,0,54000,SA,floor,0.0018737078138292619,1
0.07,12,54,1,54001,EA,standard,0.559825088326464,4
0.07,12,54,1,54001,SA,standard,0.2958313108856189,2
0.07,12,54,1,54001,EA,floor,0.5337309931697026,3
0.07,12,54,1,54001,SA,floor,0.012232009146297053,7
0.07,12,54,2,54002,EA,standard,0.5007255281224102,3
0.07,12,54,2,54002,SA,standard,0.16265378592164337,1
0.07,12,54,2,54002,EA,floor,0.6018619989306047,4
0.07,12,54,2,54002,SA,floor,0.3084419196139834,12
0.07,13,55,0,55000,EA,standard,0.3353727734329863,2
0.07,13,55,0,55000,SA,standard,0.2249126330994225,3
0.07,13,55,0,55000,EA,floor,0.37717513283064075,4
0.07,13,55,0,55000,SA,floor,0.06598342053340164,5
0.07,13,55,1,55001,EA,standard,0.36616459351700026,2
0.07,13,55,1,55001,SA,standard,0.3633827230894904,2
0.07,13,55,1,55001,EA,floor,0.37248181588735874,3
0.07,13,55,1,55001,SA,floor,0.11408602836369719,13
0.07,13,55,2,55002,EA,standard,0.3660980122474841,2
0.07,13,55,2,55002,SA,standard,0.22275324899388388,1
0.07,13,55,2,55002,EA,floor,0.3334923823706679,7
0.07,13,55,2,55002,SA,floor,0.08982024751948489,13
0.07,14,56,0,56000,EA,standard,0.26601049197461746,1
0.07,14,56,0,56000,SA,standard,0.21576345238871886,1
0.07,14,56,0,56000,EA,floor,0.35068879245592327,11
0.07,14,56,0,56000,SA,floor,0.44531010495467627,11
0.07,14,56,1,56001,EA,standard,0.24459181101466465,1
0.07,14,56,1,56001,SA,standard,0.25284526086625847,3
0.07,14,56,1,56001,EA,floor,0.32664988647065546,2
0.07,14,56,1,56001,SA,floor,0.024819751653364124,4
0.07,14,56,2,56002,EA,standard,0.35141506341543327,2
0.07,14,56,2,56002,SA,standard,0.25175186261630056,1
0.07,14,56,2,56002,EA,floor,0.4517304798678679,5
0.07,14,56,2,56002,SA,floor,0.023976315989687663,11
0.07,15,57,0,57000,EA,standard,0.48840823192067995,3
0.07,15,57,0,57000,SA,standard,0.29583865900001405,2
0.07,15,57,0,57000,EA,floor,0.4200490726968327,4
0.07,15,57,0,57000,SA,floor,0.38757017377644054,5
0.07,15,57,1,57001,EA,standard,0.44014295822585453,3
0.07,15,57,1,57001,SA,standard,0.45536670756954684,3
0.07,15,57,1,57001,EA,floor,0.386442321465747,3
0.07,15,57,1,57001,SA,floor,0.004083318427958977,5
0.07,15,57,2,57002,EA,standard,0.48023413308200913,3
0.07,15,57,2,57002,SA,standard,0.19555499082147154,1
0.07,15,57,2,57002,EA,floor,0.46752643015120804,4
0.07,15,57,2,57002,SA,floor,0.4163764339180202,4
0.07,16,58,0,58000,EA,standard,0.23968356042560762,1
0.07,16,58,0,58000,SA,standard,0.32362542135501676,2
0.07,16,58,0,58000,EA,floor,0.30293938541274573,10
0.07,16,58,0,58000,SA,floor,0.44656977563664735,7
0.07,16,58,1,58001,EA,standard,0.24081253276586428,1
0.07,16,58,1,58001,SA,standard,0.28527172919318217,2
0.07,16,58,1,58001,EA,floor,0.4143017422090103,9
0.07,16,58,1,58001,SA,floor,0.013293220922594589,5
0.07,16,58,2,58002,EA,standard,0.2952290498720193,2
0.07,16,58,2,58002,SA,standard,0.2503495587319302,1
0.07,16,58,2,58002,EA,floor,0.3473290907881791,5
0.07,16,58,2,58002,SA,floor,0.009857080238643859,2
0.07,17,59,0,59000,EA,standard,0.2577695094763564,2
0.07,17,59,0,59000,SA,standard,0.17719331360453974,1
0.07,17,59,0,59000,EA,floor,0.3698861104806167,6
0.07,17,59,0,59000,SA,floor,0.002760555363823809,10
0.07,17,59,1,59001,EA,standard,0.24348566564462384,2
0.07,17,59,1,59001,SA,standard,0.14721366087831084,1
0.07,17,59,1,59001,EA,floor,0.11086868154744023,9
0.07,17,59,1,59001,SA,floor,0.11086868154744023,9
0.07,17,59,2,59002,EA,standard,0.17774537273663685,1
0.07,17,59,2,59002,SA,standard,0.17259996327224575,1
0.07,17,59,2,59002,EA,floor,0.3263836632476317,5
0.07,17,59,2,59002,SA,floor,0.16124515424615637,2
0.07,18,60,0,60000,EA,standard,0.08393883387409873,1
0.07,18,60,0,60000,SA,standard,0.08393883387409873,1
0.07,18,60,0,60000,EA,floor,0.08304911689723439,3
0.07,18,60,0,60000,SA,floor,0.08304911689723439,3
0.07,18,60,1,60001,EA,standard,0.1793071609564761,2
0.07,18,60,1,60001,SA,standard,0.26246306879830955,3
0.07,18,60,1,60001,EA,floor,0.3742051674520683,14
0.07,18,60,1,60001,SA,floor,0.04130025911136125,1
0.07,18,60,2,60002,EA,standard,0.26032969185167654,3
0.07,18,60,2,60002,SA,standard,0.08440449652165154,1
0.07,18,60,2,60002,EA,floor,0.3057902199175261,10
0.07,18,60,2,60002,SA,floor,0.03734474660287215,13
0.07,19,61,0,61000,EA,standard,0.09276288325209849,1
0.07,19,61,0,61000,SA,standard,0.09471339115010766,1
0.07,19,61,0,61000,EA,floor,0.39875738884198836,3
0.07,19,61,0,61000,SA,floor,0.017707065596215665,1
0.07,19,61,1,61001,EA,standard,0.30963256654057947,3
0.07,19,61,1,61001,SA,standard,0.0928437271830945,1
0.07,19,61,1,61001,EA,floor,0.42763605709056995,3
0.07,19,61,1,61001,SA,floor,0.3542501101347538,5
0.07,19,61,2,61002,EA,standard,0.38286668834680454,3
0.07,19,61,2,61002,SA,standard,0.09374686591940021,1
0.07,19,61,2,61002,EA,floor,0.3549963401753222,4
0.07,19,61,2,61002,SA,floor,0.34937153163783796,4
0.1,0,42,0,42000,EA,standard,0.17729414619664896,1
0.1,0,42,0,42000,SA,standard,0.17256088626418192,1
0.1,0,42,0,42000,EA,floor,0.38518056665985556,3
0.1,0,42,0,42000,SA,floor,0.015530239755973431,9
0.1,0,42,1,42001,EA,standard,0.17680024670470168,1
0.1,0,42,1,42001,SA,standard,0.3448754777983567,5
0.1,0,42,1,42001,EA,floor,0.3084812710662893,5
0.1,0,42,1,42001,SA,floor,0.11736921673288786,10
0.1,0,42,2,42002,EA,standard,0.1778509064543762,1
0.1,0,42,2,42002,SA,standard,0.17753794745895712,1
0.1,0,42,2,42002,EA,floor,0.3089890220142106,6
0.1,0,42,2,42002,SA,floor,0.06812843827644126,13
0.1,1,43,0,43000,EA,standard,0.23601990729794833,1
0.1,1,43,0,43000,SA,standard,0.2361751955939629,1
0.1,1,43,0,43000,EA,floor,0.30340010798483713,5
0.1,1,43,0,43000,SA,floor,0.39502458220933717,6
0.1,1,43,1,43001,EA,standard,0.24367641541628735,1
0.1,1,43,1,43001,SA,standard,0.24012707218037405,1
0.1,1,43,1,43001,EA,floor,0.3709169996503292,3
0.1,1,43,1,43001,SA,floor,0.0309063421399519,9
0.1,1,43,2,43002,EA,standard,0.24420035937676735,1
0.1,1,43,2,43002,SA,standard,0.23403033602542808,1
0.1,1,43,2,43002,EA,floor,0.30758284106945805,3
0.1,1,43,2,43002,SA,floor,0.3858289583262767,8
0.1,2,44,0,44000,EA,standard,0.262148282826715,1
0.1,2,44,0,44000,SA,standard,0.262148282826715,1
0.1,2,44,0,44000,EA,floor,0.3913491553100587,3
0.1,2,44,0,44000,SA,floor,0.008579940874322128,15
0.1,2,44,1,44001,EA,standard,0.2757204343114938,1
0.1,2,44,1,44001,SA,standard,0.262148282826715,1
0.1,2,44,1,44001,EA,floor,0.31367385343322224,2
0.1,2,44,1,44001,SA,floor,0.3420106948903268,7
0.1,2,44,2,44002,EA,standard,0.27751223880961984,1
0.1,2,44,2,44002,SA,standard,0.26839961987213135,1
0.1,2,44,2,44002,EA,floor,0.3407073557088786,3
0.1,2,44,2,44002,SA,floor,0.02992981371411502,11
0.1,3,45,0,45000,EA,standard,0.2856079254852637,2
0.1,3,45,0,45000,SA,standard,0.1501620778859146,1
0.1,3,45,0,45000,EA,floor,0.4350666805113659,7
0.1,3,45,0,45000,SA,floor,0.4142332976213048,4
0.1,3,45,1,45001,EA,standard,0.2883605764537357,2
0.1,3,45,1,45001,SA,standard,0.259177205547623,2
0.1,3,45,1,45001,EA,floor,0.4357106776631452,7
0.1,3,45,1,45001,SA,floor,0.012590097754562418,12
0.1,3,45,2,45002,EA,standard,0.29352469069102116,2
0.1,3,45,2,45002,SA,standard,0.15581111820327187,1
0.1,3,45,2,45002,EA,floor,0.3161474942347432,3
0.1,3,45,2,45002,SA,floor,0.3704221098058975,10
0.1,4,46,0,46000,EA,standard,0.24371883823226134,2
0.1,4,46,0,46000,SA,standard,0.2329836082673535,2
0.1,4,46,0,46000,EA,floor,0.30236537634674393,5
0.1,4,46,0,46000,SA,floor,0.3469333537619009,9
0.1,4,46,1,46001,EA,standard,0.26553557056441274,2
0.1,4,46,1,46001,SA,standard,0.24140337087486086,2
0.1,4,46,1,46001,EA,floor,0.3768419636058941,3
0.1,4,46,1,46001,SA,floor,0.03651266168229578,2
0.1,4,46,2,46002,EA,standard,0.2495573195003141,2
0.1,4,46,2,46002,SA,standard,0.2531957337752321,2
0.1,4,46,2,46002,EA,floor,0.3998338972756577,3
0.1,4,46,2,46002,SA,floor,0.050481067839332164,1
0.1,5,47,0,47000,EA,standard,0.17600552716329765,1
0.1,5,47,0,47000,SA,standard,0.17600552716329765,1
0.1,5,47,0,47000,EA,floor,0.32724395994546507,3
0.1,5,47,0,47000,SA,floor,0.08079824860929424,2
0.1,5,47,1,47001,EA,standard,0.17600552716329765,1
0.1,5,47,1,47001,SA,standard,0.17600552716329765,1
0.1,5,47,1,47001,EA,floor,0.3184878064873557,3
0.1,5,47,1,47001,SA,floor,0.057871845761868074,9
0.1,5,47,2,47002,EA,standard,0.17600552716329765,1
0.1,5,47,2,47002,SA,standard,0.17672989007899,1
0.1,5,47,2,47002,EA,floor,0.3090165107395148,7
0.1,5,47,2,47002,SA,floor,0.3224965825309996,5
0.1,6,48,0,48000,EA,standard,0.26169954299208714,2
0.1,6,48,0,48000,SA,standard,0.3417073512489904,3
0.1,6,48,0,48000,EA,floor,0.3549401602918586,6
0.1,6,48,0,48000,SA,floor,0.3703222546222663,5
0.1,6,48,1,48001,EA,standard,0.252476986245746,2
0.1,6,48,1,48001,SA,standard,0.11440767867706907,1
0.1,6,48,1,48001,EA,floor,0.46952455359846773,4
0.1,6,48,1,48001,SA,floor,0.3498784477557033,8
0.1,6,48,2,48002,EA,standard,0.24918145749334875,2
0.1,6,48,2,48002,SA,standard,0.11440767867706907,1
0.1,6,48,2,48002,EA,floor,0.3444717012069921,3
0.1,6,48,2,48002,SA,floor,0.0008317851363453628,4
0.1,7,49,0,49000,EA,standard,0.35360514591034736,3
0.1,7,49,0,49000,SA,standard,0.20429976875673658,2
0.1,7,49,0,49000,EA,floor,0.4023878443007392,3
0.1,7,49,0,49000,SA,floor,0.32154214705260775,4
0.1,7,49,1,49001,EA,standard,0.385070797480666,3
0.1,7,49,1,49001,SA,standard,0.20065883057169656,2
0.1,7,49,1,49001,EA,floor,0.3268683034544268,7
0.1,7,49,1,49001,SA,floor,0.3963053079893512,3
0.1,7,49,2,49002,EA,standard,0.33319978115593835,3
0.1,7,49,2,49002,SA,standard,0.3856968316067047,3
0.1,7,49,2,49002,EA,floor,0.37820171794410046,3
0.1,7,49,2,49002,SA,floor,0.31538520618826255,8
0.1,8,50,0,50000,EA,standard,0.5170684612916232,3
0.1,8,50,0,50000,SA,standard,0.32586022988618857,2
0.1,8,50,0,50000,EA,floor,0.4548794344116835,3
0.1,8,50,0,50000,SA,floor,0.5128387818011143,5
0.1,8,50,1,50001,EA,standard,0.3553991578166569,2
0.1,8,50,1,50001,SA,standard,0.3120863295460979,2
0.1,8,50,1,50001,EA,floor,0.5105137393189715,3
0.1,8,50,1,50001,SA,floor,0.4958728210117008,6
0.1,8,50,2,50002,EA,standard,0.4974185869066847,3
0.1,8,50,2,50002,SA,standard,0.5462915211798638,3
0.1,8,50,2,50002,EA,floor,0.36354385821356006,2
0.1,8,50,2,50002,SA,floor,0.39450254987191136,8
0.1,9,51,0,51000,EA,standard,0.1067416383824369,1
0.1,9,51,0,51000,SA,standard,0.10666866605163308,1
0.1,9,51,0,51000,EA,floor,0.47846804505605,4
0.1,9,51,0,51000,SA,floor,0.0051935604439084905,4
0.1,9,51,1,51001,EA,standard,0.09753226195471082,1
0.1,9,51,1,51001,SA,standard,0.10101287128700683,1
0.1,9,51,1,51001,EA,floor,0.3672832252638366,8
0.1,9,51,1,51001,SA,floor,0.059209122025498245,5
0.1,9,51,2,51002,EA,standard,0.10457950387034191,1
0.1,9,51,2,51002,SA,standard,0.09809383446399439,1
0.1,9,51,2,51002,EA,floor,0.30840266519360987,3
0.1,9,51,2,51002,SA,floor,0.015243370345586336,12
0.1,10,52,0,52000,EA,standard,0.30017058249382944,1
0.1,10,52,0,52000,SA,standard,0.3183237574721669,1
0.1,10,52,0,52000,EA,floor,0.30030532039716856,1
0.1,10,52,0,52000,SA,floor,0.3509497480420855,2
0.1,10,52,1,52001,EA,standard,0.32564766308399457,1
0.1,10,52,1,52001,SA,standard,0.326625025298319,1
0.1,10,52,1,52001,EA,floor,0.3265258497481237,1
0.1,10,52,1,52001,SA,floor,0.012714576859168932,9
0.1,10,52,2,52002,EA,standard,0.32343559839668984,1
0.1,10,52,2,52002,SA,standard,0.280254964406048,1
0.1,10,52,2,52002,EA,floor,0.3038207580148524,1
0.1,10,52,2,52002,SA,floor,0.32026789533874245,8
0.1,11,53,0,53000,EA,standard,0.5555116819187943,3
0.1,11,53,0,53000,SA,standard,0.5224859902154169,6
0.1,11,53,0,53000,EA,floor,0.5378344209306529,3
0.1,11,53,0,53000,SA,floor,0.5954366434738355,3
0.1,11,53,1,53001,EA,standard,0.413556365313088,2
0.1,11,53,1,53001,SA,standard,0.6093638985740129,3
0.1,11,53,1,53001,EA,floor,0.42794236464322705,2
0.1,11,53,1,53001,SA,floor,0.537847581914555,3
0.1,11,53,2,53002,EA,standard,0.3978717173976538,2
0.1,11,53,2,53002,SA,standard,0.3792233293180721,2
0.1,11,53,2,53002,EA,floor,0.5802470870056672,3
0.1,11,53,2,53002,SA,floor,0.5224552831500852,4
0.1,12,54,0,54000,EA,standard,0.4841842782245168,3
0.1,12,54,0,54000,SA,standard,0.1587543086098184,1
0.1,12,54,0,54000,EA,floor,0.4627334017975183,3
0.1,12,54,0,54000,SA,floor,0.0018737078138292619,1
0.1,12,54,1,54001,EA,standard,0.3867726670810065,3
0.1,12,54,1,54001,SA,standard,0.2958313108856189,2
0.1,12,54,1,54001,EA,floor,0.5885493345856975,9
0.1,12,54,1,54001,SA,floor,0.012232009146297053,7
0.1,12,54,2,54002,EA,standard,0.35261572880254777,2
0.1,12,54,2,54002,SA,standard,0.2961257604687696,2
0.1,12,54,2,54002,EA,floor,0.55593395352066,4
0.1,12,54,2,54002,SA,floor,0.3084419196139834,12
0.1,13,55,0,55000,EA,standard,0.21204270779970474,1
0.1,13,55,0,55000,SA,standard,0.22309149658461133,1
0.1,13,55,0,55000,EA,floor,0.35047711306804585,3
0.1,13,55,0,55000,SA,floor,0.06598342053340164,5
0.1,13,55,1,55001,EA,standard,0.2362418525271388,1
0.1,13,55,1,55001,SA,standard,0.22117967063504146,1
0.1,13,55,1,55001,EA,floor,0.37248181588735874,3
0.1,13,55,1,55001,SA,floor,0.11408602836369719,13
0.1,13,55,2,55002,EA,standard,0.23595688965835868,1
0.1,13,55,2,55002,SA,standard,0.22275324899388388,1
0.1,13,55,2,55002,EA,floor,0.3334923823706679,7
0.1,13,55,2,55002,SA,floor,0.08982024751948489,13
0.1,14,56,0,56000,EA,standard,0.26127864439477777,1
0.1,14,56,0,56000,SA,standard,0.23736934442603758,1
0.1,14,56,0,56000,EA,floor,0.35068879245592327,11
0.1,14,56,0,56000,SA,floor,0.36502195961911105,9
0.1,14,56,1,56001,EA,standard,0.2661194724411404,1
0.1,14,56,1,56001,SA,standard,0.23178657985165269,1
0.1,14,56,1,56001,EA,floor,0.32664988647065546,2
0.1,14,56,1,56001,SA,floor,0.024819751653364124,4
0.1,14,56,2,56002,EA,standard,0.26501465640648314,1
0.1,14,56,2,56002,SA,standard,0.2624589981753586,1
0.1,14,56,2,56002,EA,floor,0.47083022254253154,4
0.1,14,56,2,56002,SA,floor,0.023976315989687663,11
0.1,15,57,0,57000,EA,standard,0.3132829533518282,2
0.1,15,57,0,57000,SA,standard,0.29583865900001405,2
0.1,15,57,0,57000,EA,floor,0.4540947944572219,4
0.1,15,57,0,57000,SA,floor,0.37995639887184113,5
0.1,15,57,1,57001,EA,standard,0.3003822803309122,2
0.1,15,57,1,57001,SA,standard,0.1929029531119395,1
0.1,15,57,1,57001,EA,floor,0.44747385050717775,4
0.1,15,57,1,57001,SA,floor,0.004083318427958977,5
0.1,15,57,2,57002,EA,standard,0.4608375491367958,3
0.1,15,57,2,57002,SA,standard,0.19555499082147154,1
0.1,15,57,2,57002,EA,floor,0.47708009684862895,4
0.1,15,57,2,57002,SA,floor,0.3394424881277972,3
0.1,16,58,0,58000,EA,standard,0.23968356042560762,1
0.1,16,58,0,58000,SA,standard,0.21267455200165356,1
0.1,16,58,0,58000,EA,floor,0.30293938541274573,10
0.1,16,58,0,58000,SA,floor,0.3853795479953144,4
0.1,16,58,1,58001,EA,standard,0.25149672149855856,1
0.1,16,58,1,58001,SA,standard,0.20150359738243742,1
0.1,16,58,1,58001,EA,floor,0.4143017422090103,9
0.1,16,58,1,58001,SA,floor,0.013293220922594589,5
0.1,16,58,2,58002,EA,standard,0.23014141471536917,1
0.1,16,58,2,58002,SA,standard,0.2503495587319302,1
0.1,16,58,2,58002,EA,floor,0.3473290907881791,5
0.1,16,58,2,58002,SA,floor,0.009857080238643859,2
0.1,17,59,0,59000,EA,standard,0.17497408004530998,1
0.1,17,59,0,59000,SA,standard,0.17719331360453974,1
0.1,17,59,0,59000,EA,floor,0.3698861104806167,6
0.1,17,59,0,59000,SA,floor,0.002760555363823809,10
0.1,17,59,1,59001,EA,standard,0.1657201055738542,1
0.1,17,59,1,59001,SA,standard,0.14929685950313226,1
0.1,17,59,1,59001,EA,floor,0.11086868154744023,9
0.1,17,59,1,59001,SA,floor,0.11086868154744023,9
0.1,17,59,2,59002,EA,standard,0.17513867778390577,1
0.1,17,59,2,59002,SA,standard,0.17259996327224575,1
0.1,17,59,2,59002,EA,floor,0.3263836632476317,5
0.1,17,59,2,59002,SA,floor,0.16124515424615637,2
0.1,18,60,0,60000,EA,standard,0.08470300524043267,1
0.1,18,60,0,60000,SA,standard,0.08393883387409873,1
0.1,18,60,0,60000,EA,floor,0.08304911689723439,3
0.1,18,60,0,60000,SA,floor,0.08304911689723439,3
0.1,18,60,1,60001,EA,standard,0.08393883387409873,1
0.1,18,60,1,60001,SA,standard,0.08393883387409873,1
0.1,18,60,1,60001,EA,floor,0.3742051674520683,14
0.1,18,60,1,60001,SA,floor,0.04130025911136125,1
0.1,18,60,2,60002,EA,standard,0.08393883387409873,1
0.1,18,60,2,60002,SA,standard,0.08440449652165154,1
0.1,18,60,2,60002,EA,floor,0.3057902199175261,10
0.1,18,60,2,60002,SA,floor,0.03734474660287215,13
0.1,19,61,0,61000,EA,standard,0.35986507558886544,3
0.1,19,61,0,61000,SA,standard,0.09471339115010766,1
0.1,19,61,0,61000,EA,floor,0.39875738884198836,3
0.1,19,61,0,61000,SA,floor,0.017707065596215665,1
0.1,19,61,1,61001,EA,standard,0.09482316285476398,1
0.1,19,61,1,61001,SA,standard,0.0928437271830945,1
0.1,19,61,1,61001,EA,floor,0.42763605709056995,3
0.1,19,61,1,61001,SA,floor,0.3542501101347538,5
0.1,19,61,2,61002,EA,standard,0.09420072219328346,1
0.1,19,61,2,61002,SA,standard,0.09374686591940021,1
0.1,19,61,2,61002,EA,floor,0.37732761445926655,4
0.1,19,61,2,61002,SA,floor,0.34937153163783796,4
0.15,0,42,0,42000,EA,standard,0.17729414619664896,1
0.15,0,42,0,42000,SA,standard,0.17256088626418192,1
0.15,0,42,0,42000,EA,floor,0.38518056665985556,3
0.15,0,42,0,42000,SA,floor,0.015530239755973431,9
0.15,0,42,1,42001,EA,standard,0.17342659005436234,1
0.15,0,42,1,42001,SA,standard,0.17781564500172437,1
0.15,0,42,1,42001,EA,floor,0.3084812710662893,5
0.15,0,42,1,42001,SA,floor,0.11736921673288786,10
0.15,0,42,2,42002,EA,standard,0.1778509064543762,1
0.15,0,42,2,42002,SA,standard,0.17753794745895712,1
0.15,0,42,2,42002,EA,floor,0.3089890220142106,6
0.15,0,42,2,42002,SA,floor,0.06812843827644126,13
0.15,1,43,0,43000,EA,standard,0.23601990729794833,1
0.15,1,43,0,43000,SA,standard,0.2361751955939629,1
0.15,1,43,0,43000,EA,floor,0.30340010798483713,5
0.15,1,43,0,43000,SA,floor,0.40643743517162256,5
0.15,1,43,1,43001,EA,standard,0.244192853944015,1
0.15,1,43,1,43001,SA,standard,0.24012707218037405,1
0.15,1,43,1,43001,EA,floor,0.3709169996503292,3
0.15,1,43,1,43001,SA,floor,0.0309063421399519,9
0.15,1,43,2,43002,EA,standard,0.24420035937676735,1
0.15,1,43,2,43002,SA,standard,0.23252238015329285,1
0.15,1,43,2,43002,EA,floor,0.30758284106945805,3
0.15,1,43,2,43002,SA,floor,0.31852121654048515,7
0.15,2,44,0,44000,EA,standard,0.262148282826715,1
0.15,2,44,0,44000,SA,standard,0.262148282826715,1
0.15,2,44,0,44000,EA,floor,0.3913491553100587,3
0.15,2,44,0,44000,SA,floor,0.008579940874322128,15
0.15,2,44,1,44001,EA,standard,0.2757204343114938,1
0.15,2,44,1,44001,SA,standard,0.262148282826715,1
0.15,2,44,1,44001,EA,floor,0.31367385343322224,2
0.15,2,44,1,44001,SA,floor,0.3420106948903268,7
0.15,2,44,2,44002,EA,standard,0.27751223880961984,1
0.15,2,44,2,44002,SA,standard,0.2732065277656551,1
0.15,2,44,2,44002,EA,floor,0.3891355111053769,3
0.15,2,44,2,44002,SA,floor,0.02992981371411502,11
0.15,3,45,0,45000,EA,standard,0.1530869081146887,1
0.15,3,45,0,45000,SA,standard,0.1501620778859146,1
0.15,3,45,0,45000,EA,floor,0.4350666805113659,7
0.15,3,45,0,45000,SA,floor,0.4142332976213048,4
0.15,3,45,1,45001,EA,standard,0.15340335976611885,1
0.15,3,45,1,45001,SA,standard,0.14914127371243877,1
0.15,3,45,1,45001,EA,floor,0.4357106776631452,7
0.15,3,45,1,45001,SA,floor,0.012590097754562418,12
0.15,3,45,2,45002,EA,standard,0.15373518225382207,1
0.15,3,45,2,45002,SA,standard,0.15581111820327187,1
0.15,3,45,2,45002,EA,floor,0.3161474942347432,3
0.15,3,45,2,45002,SA,floor,0.3704221098058975,10
0.15,4,46,0,46000,EA,standard,0.10906933159023255,1
0.15,4,46,0,46000,SA,standard,0.10440372489351525,1
0.15,4,46,0,46000,EA,floor,0.30236537634674393,5
0.15,4,46,0,46000,SA,floor,0.3469333537619009,9
0.15,4,46,1,46001,EA,standard,0.10894360283300861,1
0.15,4,46,1,46001,SA,standard,0.10547804394200602,1
0.15,4,46,1,46001,EA,floor,0.3768419636058941,3
0.15,4,46,1,46001,SA,floor,0.03651266168229578,2
0.15,4,46,2,46002,EA,standard,0.10796132277917907,1
0.15,4,46,2,46002,SA,standard,0.10868213433782846,1
0.15,4,46,2,46002,EA,floor,0.3998338972756577,3
0.15,4,46,2,46002,SA,floor,0.050481067839332164,1
0.15,5,47,0,47000,EA,standard,0.17600552716329765,1
0.15,5,47,0,47000,SA,standard,0.17600552716329765,1
0.15,5,47,0,47000,EA,floor,0.32724395994546507,3
0.15,5,47,0,47000,SA,floor,0.08079824860929424,2
0.15,5,47,1,47001,EA,standard,0.17600552716329765,1
0.15,5,47,1,47001,SA,standard,0.17600552716329765,1
0.15,5,47,1,47001,EA,floor,0.3184878064873557,3
0.15,5,47,1,47001,SA,floor,0.057871845761868074,9
0.15,5,47,2,47002,EA,standard,0.17600552716329765,1
0.15,5,47,2,47002,SA,standard,0.17672989007899,1
0.15,5,47,2,47002,EA,floor,0.3090165107395148,7
0.15,5,47,2,47002,SA,floor,0.3224965825309996,5
0.15,6,48,0,48000,EA,standard,0.11440767867706907,1
0.15,6,48,0,48000,SA,standard,0.11451090821524117,1
0.15,6,48,0,48000,EA,floor,0.3549401602918586,6
0.15,6,48,0,48000,SA,floor,0.3703222546222663,5
0.15,6,48,1,48001,EA,standard,0.1145009344145789,1
0.15,6,48,1,48001,SA,standard,0.11440767867706907,1
0.15,6,48,1,48001,EA,floor,0.41553631969977084,4
0.15,6,48,1,48001,SA,floor,0.3704890696825564,8
0.15,6,48,2,48002,EA,standard,0.11440767867706907,1
0.15,6,48,2,48002,SA,standard,0.11440767867706907,1
0.15,6,48,2,48002,EA,floor,0.3444717012069921,3
0.15,6,48,2,48002,SA,floor,0.0008317851363453628,4
0.15,7,49,0,49000,EA,standard,0.06591024045014471,1
0.15,7,49,0,49000,SA,standard,0.06697018320721085,1
0.15,7,49,0,49000,EA,floor,0.4018503369814686,3
0.15,7,49,0,49000,SA,floor,0.32154214705260775,4
0.15,7,49,1,49001,EA,standard,0.06695180163878824,1
0.15,7,49,1,49001,SA,standard,0.06451768136087366,1
0.15,7,49,1,49001,EA,floor,0.3268683034544268,7
0.15,7,49,1,49001,SA,floor,0.3963053079893512,3
0.15,7,49,2,49002,EA,standard,0.22825991876432938,2
0.15,7,49,2,49002,SA,standard,0.06696500313470025,1
0.15,7,49,2,49002,EA,floor,0.40033159567911775,5
0.15,7,49,2,49002,SA,floor,0.31538520618826255,8
0.15,8,50,0,50000,EA,standard,0.5186988922686796,3
0.15,8,50,0,50000,SA,standard,0.32586022988618857,2
0.15,8,50,0,50000,EA,floor,0.3374426274764716,2
0.15,8,50,0,50000,SA,floor,0.531278314934616,4
0.15,8,50,1,50001,EA,standard,0.336519099565915,2
0.15,8,50,1,50001,SA,standard,0.3120863295460979,2
0.15,8,50,1,50001,EA,floor,0.49104062878854876,3
0.15,8,50,1,50001,SA,floor,0.4958728210117008,6
0.15,8,50,2,50002,EA,standard,0.3695704245712254,2
0.15,8,50,2,50002,SA,standard,0.28891847980246516,2
0.15,8,50,2,50002,EA,floor,0.36354385821356006,2
0.15,8,50,2,50002,SA,floor,0.39450254987191136,8
0.15,9,51,0,51000,EA,standard,0.10238109280741042,1
0.15,9,51,0,51000,SA,standard,0.10666866605163308,1
0.15,9,51,0,51000,EA,floor,0.3344496728493095,3
0.15,9,51,0,51000,SA,floor,0.0051935604439084905,4
0.15,9,51,1,51001,EA,standard,0.09753226195471082,1
0.15,9,51,1,51001,SA,standard,0.10101287128700683,1
0.15,9,51,1,51001,EA,floor,0.3672832252638366,8
0.15,9,51,1,51001,SA,floor,0.059209122025498245,5
0.15,9,51,2,51002,EA,standard,0.10441872126989325,1
0.15,9,51,2,51002,SA,standard,0.09809383446399439,1
0.15,9,51,2,51002,EA,floor,0.30840266519360987,3
0.15,9,51,2,51002,SA,floor,0.015243370345586336,12
0.15,10,52,0,52000,EA,standard,0.2984711320133905,1
0.15,10,52,0,52000,SA,standard,0.3121610441935573,3
0.15,10,52,0,52000,EA,floor,0.30030532039716856,1
0.15,10,52,0,52000,SA,floor,0.3509497480420855,2
0.15,10,52,1,52001,EA,standard,0.32564766308399457,1
0.15,10,52,1,52001,SA,standard,0.326625025298319,1
0.15,10,52,1,52001,EA,floor,0.3265258497481237,1
0.15,10,52,1,52001,SA,floor,0.012714576859168932,9
0.15,10,52,2,52002,EA,standard,0.32640087767854264,1
0.15,10,52,2,52002,SA,standard,0.28111667658597234,1
0.15,10,52,2,52002,EA,floor,0.3450746731954482,2
0.15,10,52,2,52002,SA,floor,0.32026789533874245,8
0.15,11,53,0,53000,EA,standard,0.43242025410448265,2
0.15,11,53,0,53000,SA,standard,0.5224859902154169,6
0.15,11,53,0,53000,EA,floor,0.5674354091070871,3
0.15,11,53,0,53000,SA,floor,0.38452751031190513,2
0.15,11,53,1,53001,EA,standard,0.38706077793366317,2
0.15,11,53,1,53001,SA,standard,0.5138061822023954,3
0.15,11,53,1,53001,EA,floor,0.4174639458778993,2
0.15,11,53,1,53001,SA,floor,0.537847581914555,3
0.15,11,53,2,53002,EA,standard,0.3986241419448769,2
0.15,11,53,2,53002,SA,standard,0.38618519871511614,2
0.15,11,53,2,53002,EA,floor,0.6004181745383435,3
0.15,11,53,2,53002,SA,floor,0.5224552831500852,4
0.15,12,54,0,54000,EA,standard,0.15172385339307345,1
0.15,12,54,0,54000,SA,standard,0.1587543086098184,1
0.15,12,54,0,54000,EA,floor,0.5705308234060299,3
0.15,12,54,0,54000,SA,floor,0.0018737078138292619,1
0.15,12,54,1,54001,EA,standard,0.2889114192037923,2
0.15,12,54,1,54001,SA,standard,0.17107711982693755,1
0.15,12,54,1,54001,EA,floor,0.3767795978728656,3
0.15,12,54,1,54001,SA,floor,0.012232009146297053,7
0.15,12,54,2,54002,EA,standard,0.3526491225819384,2
0.15,12,54,2,54002,SA,standard,0.16265378592164337,1
0.15,12,54,2,54002,EA,floor,0.5484655468886643,3
0.15,12,54,2,54002,SA,floor,0.3084419196139834,12
0.15,13,55,0,55000,EA,standard,0.23512339639328642,1
0.15,13,55,0,55000,SA,standard,0.22225495875057397,1
0.15,13,55,0,55000,EA,floor,0.37717513283064075,4
0.15,13,55,0,55000,SA,floor,0.06598342053340164,5
0.15,13,55,1,55001,EA,standard,0.23586365560580505,1
0.15,13,55,1,55001,SA,standard,0.22117967063504146,1
0.15,13,55,1,55001,EA,floor,0.37248181588735874,3
0.15,13,55,1,55001,SA,floor,0.11408602836369719,13
0.15,13,55,2,55002,EA,standard,0.23595688965835868,1
0.15,13,55,2,55002,SA,standard,0.22275324899388388,1
0.15,13,55,2,55002,EA,floor,0.3334923823706679,7
0.15,13,55,2,55002,SA,floor,0.08982024751948489,13
0.15,14,56,0,56000,EA,standard,0.2444224111899686,1
0.15,14,56,0,56000,SA,standard,0.23736934442603758,1
0.15,14,56,0,56000,EA,floor,0.35068879245592327,11
0.15,14,56,0,56000,SA,floor,0.36502195961911105,9
0.15,14,56,1,56001,EA,standard,0.2661194724411404,1
0.15,14,56,1,56001,SA,standard,0.23178657985165269,1
0.15,14,56,1,56001,EA,floor,0.3141153136037559,2
0.15,14,56,1,56001,SA,floor,0.024819751653364124,4
0.15,14,56,2,56002,EA,standard,0.26290003568134507,1
0.15,14,56,2,56002,SA,standard,0.25175186261630056,1
0.15,14,56,2,56002,EA,floor,0.44725735342771616,4
0.15,14,56,2,56002,SA,floor,0.023976315989687663,11
0.15,15,57,0,57000,EA,standard,0.18750718804224897,1
0.15,15,57,0,57000,SA,standard,0.19281187267156624,1
0.15,15,57,0,57000,EA,floor,0.3243743663886058,3
0.15,15,57,0,57000,SA,floor,0.37995639887184113,5
0.15,15,57,1,57001,EA,standard,0.19173225030769395,1
0.15,15,57,1,57001,SA,standard,0.1929029531119395,1
0.15,15,57,1,57001,EA,floor,0.3058293159125681,3
0.15,15,57,1,57001,SA,floor,0.004083318427958977,5
0.15,15,57,2,57002,EA,standard,0.19523766579607704,1
0.15,15,57,2,57002,SA,standard,0.19555499082147154,1
0.15,15,57,2,57002,EA,floor,0.3053410534677842,2
0.15,15,57,2,57002,SA,floor,0.3394424881277972,3
0.15,16,58,0,58000,EA,standard,0.24152163101562324,1
0.15,16,58,0,58000,SA,standard,0.25027766076362157,1
0.15,16,58,0,58000,EA,floor,0.30293938541274573,10
0.15,16,58,0,58000,SA,floor,0.379489844343281,6
0.15,16,58,1,58001,EA,standard,0.25149672149855856,1
0.15,16,58,1,58001,SA,standard,0.20150359738243742,1
0.15,16,58,1,58001,EA,floor,0.4143017422090103,9
0.15,16,58,1,58001,SA,floor,0.013293220922594589,5
0.15,16,58,2,58002,EA,standard,0.24191736350824444,1
0.15,16,58,2,58002,SA,standard,0.2503495587319302,1
0.15,16,58,2,58002,EA,floor,0.3473290907881791,5
0.15,16,58,2,58002,SA,floor,0.009857080238643859,2
0.15,17,59,0,59000,EA,standard,0.17581297978232302,1
0.15,17,59,0,59000,SA,standard,0.17719331360453974,1
0.15,17,59,0,59000,EA,floor,0.3698861104806167,6
0.15,17,59,0,59000,SA,floor,0.002760555363823809,10
0.15,17,59,1,59001,EA,standard,0.1657201055738542,1
0.15,17,59,1,59001,SA,standard,0.14929685950313226,1
0.15,17,59,1,59001,EA,floor,0.11086868154744023,9
0.15,17,59,1,59001,SA,floor,0.11086868154744023,9
0.15,17,59,2,59002,EA,standard,0.17450063307497832,1
0.15,17,59,2,59002,SA,standard,0.17259996327224575,1
0.15,17,59,2,59002,EA,floor,0.3263836632476317,5
0.15,17,59,2,59002,SA,floor,0.16124515424615637,2
0.15,18,60,0,60000,EA,standard,0.08393883387409873,1
0.15,18,60,0,60000,SA,standard,0.08393883387409873,1
0.15,18,60,0,60000,EA,floor,0.08304911689723439,3
0.15,18,60,0,60000,SA,floor,0.08304911689723439,3
0.15,18,60,1,60001,EA,standard,0.08393883387409873,1
0.15,18,60,1,60001,SA,standard,0.08393883387409873,1
0.15,18,60,1,60001,EA,floor,0.3742051674520683,14
0.15,18,60,1,60001,SA,floor,0.04130025911136125,1
0.15,18,60,2,60002,EA,standard,0.08393883387409873,1
0.15,18,60,2,60002,SA,standard,0.08440449652165154,1
0.15,18,60,2,60002,EA,floor,0.3057902199175261,10
0.15,18,60,2,60002,SA,floor,0.03734474660287215,13
0.15,19,61,0,61000,EA,standard,0.09276288325209849,1
0.15,19,61,0,61000,SA,standard,0.09471339115010766,1
0.15,19,61,0,61000,EA,floor,0.39875738884198836,3
0.15,19,61,0,61000,SA,floor,0.017707065596215665,1
0.15,19,61,1,61001,EA,standard,0.09455402192721649,1
0.15,19,61,1,61001,SA,standard,0.0928437271830945,1
0.15,19,61,1,61001,EA,floor,0.42763605709056995,3
0.15,19,61,1,61001,SA,floor,0.3542501101347538,5
0.15,19,61,2,61002,EA,standard,0.08699183118757241,1
0.15,19,61,2,61002,SA,standard,0.08699183118757241,1
0.15,19,61,2,61002,EA,floor,0.37841923880648537,3
0.15,19,61,2,61002,SA,floor,0.34937153163783796,4
