target_idx,target_seed,repeat,repeat_seed,algorithm,fidelity,gate_count
0,42,0,42000,EA,0.3017931476030315,3
0,42,0,42000,SA,0.254592452629416,4
0,42,1,42001,EA,0.36201810209795404,3
0,42,1,42001,SA,0.32709280814619074,9
0,42,2,42002,EA,0.40939846209434116,4
0,42,2,42002,SA,0.37228189449880783,8
0,42,3,42003,EA,0.4413560599221183,5
0,42,3,42003,SA,0.37976801900848406,4
0,42,4,42004,EA,0.342463981737073,6
0,42,4,42004,SA,0.29858395413980593,3
1,43,0,43000,EA,0.39309773211167837,5
1,43,0,43000,SA,0.4351740995614848,4
1,43,1,43001,EA,0.6138092212910424,7
1,43,1,43001,SA,0.2876487940726386,5
1,43,2,43002,EA,0.466366732585125,7
1,43,2,43002,SA,0.36896397109905604,14
1,43,3,43003,EA,0.47090192084089383,7
1,43,3,43003,SA,0.42093713184876635,15
1,43,4,43004,EA,0.5106989914413079,6
1,43,4,43004,SA,0.45370206800483237,5
2,44,0,44000,EA,0.4502999551781032,5
2,44,0,44000,SA,0.3420202961596904,10
2,44,1,44001,EA,0.4557390343873753,4
2,44,1,44001,SA,0.3751787777474227,10
2,44,2,44002,EA,0.4443890030029188,6
2,44,2,44002,SA,0.5019280236785729,14
2,44,3,44003,EA,0.3840955742862412,3
2,44,3,44003,SA,0.31298307018560273,2
2,44,4,44004,EA,0.4497629449275253,6
2,44,4,44004,SA,0.3365613254623233,2
3,45,0,45000,EA,0.38158848508919735,8
3,45,0,45000,SA,0.365257319288004,5
3,45,1,45001,EA,0.3405628175867891,5
3,45,1,45001,SA,0.3485345327694126,7
3,45,2,45002,EA,0.31803652648226893,4
3,45,2,45002,SA,0.3430368376552228,5
3,45,3,45003,EA,0.36487400486718147,5
3,45,3,45003,SA,0.39084981746086805,6
3,45,4,45004,EA,0.31156076343406275,3
3,45,4,45004,SA,0.4480405822014313,9
4,46,0,46000,EA,0.44614461294643193,5
4,46,0,46000,SA,0.34324242407571354,14
4,46,1,46001,EA,0.4792304164584981,4
4,46,1,46001,SA,0.3240916508257825,4
4,46,2,46002,EA,0.32804591730230226,3
4,46,2,46002,SA,0.4289518224444882,9
4,46,3,46003,EA,0.3363481240491066,5
4,46,3,46003,SA,0.43435944015974826,7
4,46,4,46004,EA,0.5059611660846227,5
4,46,4,46004,SA,0.3266899883922896,4
5,47,0,47000,EA,0.34776145001554526,5
5,47,0,47000,SA,0.33961639722325127,5
5,47,1,47001,EA,0.4755871738392943,6
5,47,1,47001,SA,0.2434743925224649,4
5,47,2,47002,EA,0.3456403282847061,5
5,47,2,47002,SA,0.32882632820678653,4
5,47,3,47003,EA,0.4752339678635874,6
5,47,3,47003,SA,0.2788516867599343,5
5,47,4,47004,EA,0.3782124045885177,5
5,47,4,47004,SA,0.30620353600608385,10
6,48,0,48000,EA,0.6847609621869569,6
6,48,0,48000,SA,0.2963554112681999,3
6,48,1,48001,EA,0.4966908282471556,7
6,48,1,48001,SA,0.4589138188719589,8
6,48,2,48002,EA,0.6462025017730825,7
6,48,2,48002,SA,0.48631019085719535,7
6,48,3,48003,EA,0.6668106238862318,8
6,48,3,48003,SA,0.6112304460495871,9
6,48,4,48004,EA,0.53246830149395,7
6,48,4,48004,SA,0.3979763266584071,4
7,49,0,49000,EA,0.5752111343155427,5
7,49,0,49000,SA,0.4229954728775836,5
7,49,1,49001,EA,0.5244293052090445,6
7,49,1,49001,SA,0.48161349418715665,12
7,49,2,49002,EA,0.5355035435574482,7
7,49,2,49002,SA,0.4753126214381843,7
7,49,3,49003,EA,0.5728268771301754,5
7,49,3,49003,SA,0.3785749022623703,8
7,49,4,49004,EA,0.584075619258749,5
7,49,4,49004,SA,0.2715132886196403,3
8,50,0,50000,EA,0.5763721717915261,6
8,50,0,50000,SA,0.6180264394688196,9
8,50,1,50001,EA,0.6780460801947106,8
8,50,1,50001,SA,0.37964882331701627,5
8,50,2,50002,EA,0.5738415262545644,5
8,50,2,50002,SA,0.4991006932776945,5
8,50,3,50003,EA,0.5272757504775221,4
8,50,3,50003,SA,0.5562597642911051,7
8,50,4,50004,EA,0.573720859436472,5
8,50,4,50004,SA,0.37850843152120467,3
9,51,0,51000,EA,0.48859603305987176,5
9,51,0,51000,SA,0.39821751403511674,4
9,51,1,51001,EA,0.5311620517824989,7
9,51,1,51001,SA,0.21035238681485638,5
9,51,2,51002,EA,0.498706838509131,4
9,51,2,51002,SA,0.3936681878830034,5
9,51,3,51003,EA,0.5750417086176114,5
9,51,3,51003,SA,0.4444725714635321,8
9,51,4,51004,EA,0.4652368178585718,8
9,51,4,51004,SA,0.2048022422297183,7
10,52,0,52000,EA,0.5744028866020947,6
10,52,0,52000,SA,0.4871317125982842,7
10,52,1,52001,EA,0.6276371279519015,8
10,52,1,52001,SA,0.5517455648460938,4
10,52,2,52002,EA,0.570908259717074,6
10,52,2,52002,SA,0.3425690106797773,3
10,52,3,52003,EA,0.5762500219675165,6
10,52,3,52003,SA,0.32165651343718127,8
10,52,4,52004,EA,0.5404260245567494,5
10,52,4,52004,SA,0.5404728529587363,11
11,53,0,53000,EA,0.647636991840027,4
11,53,0,53000,SA,0.6170262255013681,6
11,53,1,53001,EA,0.6237070713427717,4
11,53,1,53001,SA,0.6508387471500114,7
11,53,2,53002,EA,0.5830492337073316,3
11,53,2,53002,SA,0.5978423721632312,8
11,53,3,53003,EA,0.6688555267152925,6
11,53,3,53003,SA,0.5960946009381799,6
11,53,4,53004,EA,0.6530333958670738,5
11,53,4,53004,SA,0.4115579581212813,3
12,54,0,54000,EA,0.5935598886213945,6
12,54,0,54000,SA,0.5967278143884797,5
12,54,1,54001,EA,0.6447632926550915,9
12,54,1,54001,SA,0.366795115802798,4
12,54,2,54002,EA,0.6029450984608402,6
12,54,2,54002,SA,0.5530763243991732,6
12,54,3,54003,EA,0.5951971040913324,5
12,54,3,54003,SA,0.519131551108118,6
12,54,4,54004,EA,0.5055145219145837,4
12,54,4,54004,SA,0.4634950294898097,8
13,55,0,55000,EA,0.37120253122492386,4
13,55,0,55000,SA,0.2187033588169697,3
13,55,1,55001,EA,0.37018807841722656,4
13,55,1,55001,SA,0.3288759150547378,14
13,55,2,55002,EA,0.35322873564688806,3
13,55,2,55002,SA,0.30099473898676626,4
13,55,3,55003,EA,0.3652617842664463,3
13,55,3,55003,SA,0.2826644495602901,10
13,55,4,55004,EA,0.3594751184807414,4
13,55,4,55004,SA,0.4219427024397279,9
14,56,0,56000,EA,0.5067165892377815,6
14,56,0,56000,SA,0.3759438862171001,5
14,56,1,56001,EA,0.5175047153349204,6
14,56,1,56001,SA,0.3083906377195974,4
14,56,2,56002,EA,0.535277593437875,5
14,56,2,56002,SA,0.2661389572694018,1
14,56,3,56003,EA,0.4994868211249174,5
14,56,3,56003,SA,0.49186341342490925,10
14,56,4,56004,EA,0.5384736918451135,6
14,56,4,56004,SA,0.35299712714764486,3
15,57,0,57000,EA,0.5035729759238818,5
15,57,0,57000,SA,0.4610980676677391,5
15,57,1,57001,EA,0.5043453751681718,5
15,57,1,57001,SA,0.47420301301387635,7
15,57,2,57002,EA,0.5186095479259514,5
15,57,2,57002,SA,0.26222387509034345,5
15,57,3,57003,EA,0.5241480135347811,7
15,57,3,57003,SA,0.30439331067606074,3
15,57,4,57004,EA,0.49851007832599575,4
15,57,4,57004,SA,0.41865026056297505,15
16,58,0,58000,EA,0.3989652517422988,6
16,58,0,58000,SA,0.3851486658805762,7
16,58,1,58001,EA,0.4197472245424859,6
16,58,1,58001,SA,0.28260327727127715,3
16,58,2,58002,EA,0.381502732867766,4
16,58,2,58002,SA,0.3096599522513694,4
16,58,3,58003,EA,0.3789523093967274,4
16,58,3,58003,SA,0.32439378855675627,7
16,58,4,58004,EA,0.38693121836220873,4
16,58,4,58004,SA,0.3351880148834084,4
17,59,0,59000,EA,0.4090821852615737,7
17,59,0,59000,SA,0.274280394116332,9
17,59,1,59001,EA,0.4489833978951883,9
17,59,1,59001,SA,0.2254840400917527,4
17,59,2,59002,EA,0.3063016198723722,4
17,59,2,59002,SA,0.25374800833549327,4
17,59,3,59003,EA,0.28706965959213343,3
17,59,3,59003,SA,0.31002591833071574,10
17,59,4,59004,EA,0.3087063119512645,6
17,59,4,59004,SA,0.27234500504028253,6
18,60,0,60000,EA,0.29677000966715766,5
18,60,0,60000,SA,0.20342584178740666,6
18,60,1,60001,EA,0.44930412739812586,7
18,60,1,60001,SA,0.2594029138457989,6
18,60,2,60002,EA,0.2840479601153322,3
18,60,2,60002,SA,0.2368504900763157,6
18,60,3,60003,EA,0.29225361228530533,4
18,60,3,60003,SA,0.2726964391821822,7
18,60,4,60004,EA,0.43595500284812244,7
18,60,4,60004,SA,0.2487152605226163,3
19,61,0,61000,EA,0.4543008597072883,5
19,61,0,61000,SA,0.3307125042979743,8
19,61,1,61001,EA,0.47717799163515295,5
19,61,1,61001,SA,0.3941273187448645,5
19,61,2,61002,EA,0.47977946560314044,7
19,61,2,61002,SA,0.3494127490767998,4
19,61,3,61003,EA,0.4262491833702238,4
19,61,3,61003,SA,0.37500073846240356,4
19,61,4,61004,EA,0.34424937620235796,3
19,61,4,61004,SA,0.292579476690917,8
