algorithm,target_idx,n_repeats,mean_fidelity,std_fidelity,mean_gate_count,std_gate_count
EA,0,8,0.36625533101142527,0.04908311307818187,4.875,1.8328597873268975
EA,1,8,0.46844052193364516,0.07036063256461833,5.875,1.0532687216470449
EA,2,8,0.43471444471634524,0.022978339619834164,4.625,1.2183492931011204
EA,3,8,0.34078966960720114,0.021605997647807174,4.75,1.3919410907075054
EA,4,8,0.44193610117981813,0.07601234308637203,5.0,1.118033988749895
EA,5,8,0.4450778624027235,0.07278804308268284,6.0,1.3228756555322954
EA,6,8,0.6375875080003084,0.0730651911837458,6.5,0.8660254037844386
EA,7,8,0.5580827312286072,0.019208261067140874,5.875,0.7806247497997998
EA,8,8,0.587606465039543,0.05238980045246824,5.5,1.118033988749895
EA,9,8,0.5341126315356648,0.04344927087966903,5.75,1.1989578808281798
EA,10,8,0.5589554815292277,0.037452879626645307,5.625,1.1110243021644486
EA,11,8,0.6415487952604741,0.02861723809546592,4.875,1.6153559979150107
EA,12,8,0.5800987107246902,0.04309632893302211,6.375,1.653594569415369
EA,13,8,0.3692142198941955,0.011833624027390577,3.75,0.4330127018922193
EA,14,8,0.5033919827693367,0.0430963634807712,5.5,0.5
EA,15,8,0.504044224830638,0.01425667584511613,4.875,1.165922381636102
EA,16,8,0.3880140187679937,0.04003822904777207,4.625,0.9921567416492215
EA,17,8,0.3354705702716385,0.05569971654383142,5.125,1.899835519196333
EA,18,8,0.33053069867861284,0.06521271317267659,4.75,1.479019945774904
EA,19,8,0.4366327858564566,0.043361458918035015,4.5,1.118033988749895
SA,0,8,0.31339847683796607,0.04481052975221828,5.25,2.222048604328897
SA,1,8,0.37039626591100405,0.061143019623738505,7.0,4.47213595499958
SA,2,8,0.37517304466637524,0.05462011205128583,6.5,4.301162633521313
SA,3,8,0.36945197648153255,0.053446170135162556,5.75,1.7853571071357126
SA,4,8,0.36969007215587396,0.06279500956913289,7.5,2.958039891549808
SA,5,8,0.3112114945717283,0.035230782503873175,5.875,1.964529205687714
SA,6,8,0.4082860722786505,0.10283416763430449,6.0,2.3979157616563596
SA,7,8,0.3830459149703673,0.0896406207443568,7.125,2.6190408549696205
SA,8,8,0.5216598869723044,0.09973085968184585,7.25,2.9047375096555625
SA,9,8,0.32657293455439645,0.0907551484384277,6.0,1.3228756555322954
SA,10,8,0.43779063873324225,0.0934324576890965,5.875,2.7585095613392387
SA,11,8,0.5366452247293066,0.09658529601746557,6.75,1.920286436967152
SA,12,8,0.4639767980572977,0.0839603349147239,5.75,1.7853571071357126
SA,13,8,0.30341119659128224,0.06689191969883913,7.125,3.75624480032918
SA,14,8,0.35436179092850295,0.06071613982800218,4.875,2.8476964374736293
SA,15,8,0.37137206939720396,0.09018687326935228,6.625,3.6721077053920954
SA,16,8,0.30219415832388935,0.044301200067687056,4.5,1.6583123951777
SA,17,8,0.26987064036213865,0.0238091251091677,6.0,2.179449471770337
SA,18,8,0.24021722656704542,0.025926238251200547,5.5,1.9364916731037085
SA,19,8,0.3471470569778965,0.050551088755812434,7.875,3.8547859862773186
