beta,target_idx,target_seed,repeat,repeat_seed,algorithm,fidelity,gate_count
0.01,0,42,0,42000,EA,0.2793136513000999,3
0.01,0,42,0,42000,SA,0.254592452629416,4
0.01,0,42,1,42001,EA,0.4177645129500618,5
0.01,0,42,1,42001,SA,0.32709280814619074,9
0.01,0,42,2,42002,EA,0.5121921493253826,5
0.01,0,42,2,42002,SA,0.37228189449880783,8
0.01,0,42,3,42003,EA,0.3705890944418128,3
0.01,0,42,3,42003,SA,0.37976801900848406,4
0.01,0,42,4,42004,EA,0.38133621126506906,5
0.01,0,42,4,42004,SA,0.29858395413980593,3
0.01,1,43,0,43000,EA,0.2968445025931073,2
0.01,1,43,0,43000,SA,0.4351740995614848,4
0.01,1,43,1,43001,EA,0.49788732327342705,9
0.01,1,43,1,43001,SA,0.2876487940726386,5
0.01,1,43,2,43002,EA,0.4607408832011698,6
0.01,1,43,2,43002,SA,0.36896397109905604,14
0.01,1,43,3,43003,EA,0.37623075335649336,7
0.01,1,43,3,43003,SA,0.42093713184876635,15
0.01,1,43,4,43004,EA,0.36494706497396057,3
0.01,1,43,4,43004,SA,0.45370206800483237,5
0.01,2,44,0,44000,EA,0.3836605478862941,3
0.01,2,44,0,44000,SA,0.3420202961596904,10
0.01,2,44,1,44001,EA,0.4423621756603538,4
0.01,2,44,1,44001,SA,0.3751787777474227,10
0.01,2,44,2,44002,EA,0.27751223880961984,1
0.01,2,44,2,44002,SA,0.5019280236785729,14
0.01,2,44,3,44003,EA,0.33888066217041574,3
0.01,2,44,3,44003,SA,0.31298307018560273,2
0.01,2,44,4,44004,EA,0.3862209959112819,3
0.01,2,44,4,44004,SA,0.3365613254623233,2
0.01,3,45,0,45000,EA,0.4544123650575747,7
0.01,3,45,0,45000,SA,0.365257319288004,5
0.01,3,45,1,45001,EA,0.4171411451983059,5
0.01,3,45,1,45001,SA,0.3485345327694126,7
0.01,3,45,2,45002,EA,0.3265695074512011,4
0.01,3,45,2,45002,SA,0.3430368376552228,5
0.01,3,45,3,45003,EA,0.3343480071280677,4
0.01,3,45,3,45003,SA,0.39084981746086805,6
0.01,3,45,4,45004,EA,0.3172416678293321,3
0.01,3,45,4,45004,SA,0.4480405822014313,9
0.01,4,46,0,46000,EA,0.4642080655265243,6
0.01,4,46,0,46000,SA,0.34324242407571354,14
0.01,4,46,1,46001,EA,0.5988537828675408,7
0.01,4,46,1,46001,SA,0.3240916508257825,4
0.01,4,46,2,46002,EA,0.450739735388543,4
0.01,4,46,2,46002,SA,0.4289518224444882,9
0.01,4,46,3,46003,EA,0.46291733553836456,5
0.01,4,46,3,46003,SA,0.43435944015974826,7
0.01,4,46,4,46004,EA,0.4835894567483903,5
0.01,4,46,4,46004,SA,0.3266899883922896,4
0.01,5,47,0,47000,EA,0.3299167682972159,3
0.01,5,47,0,47000,SA,0.33961639722325127,5
0.01,5,47,1,47001,EA,0.5253403141361472,7
0.01,5,47,1,47001,SA,0.2434743925224649,4
0.01,5,47,2,47002,EA,0.513357468905652,8
0.01,5,47,2,47002,SA,0.32882632820678653,4
0.01,5,47,3,47003,EA,0.4419596364736135,5
0.01,5,47,3,47003,SA,0.2788516867599343,5
0.01,5,47,4,47004,EA,0.5086505447791421,6
0.01,5,47,4,47004,SA,0.30620353600608385,10
0.01,6,48,0,48000,EA,0.6034911450586351,6
0.01,6,48,0,48000,SA,0.2963554112681999,3
0.01,6,48,1,48001,EA,0.6272718452887402,4
0.01,6,48,1,48001,SA,0.4589138188719589,8
0.01,6,48,2,48002,EA,0.6289279660335474,5
0.01,6,48,2,48002,SA,0.48631019085719535,7
0.01,6,48,3,48003,EA,0.6786630171725819,8
0.01,6,48,3,48003,SA,0.6112304460495871,9
0.01,6,48,4,48004,EA,0.6602309527678994,7
0.01,6,48,4,48004,SA,0.3979763266584071,4
0.01,7,49,0,49000,EA,0.5719779573204665,6
0.01,7,49,0,49000,SA,0.4229954728775836,5
0.01,7,49,1,49001,EA,0.5695304405370399,6
0.01,7,49,1,49001,SA,0.48161349418715665,12
0.01,7,49,2,49002,EA,0.5278480514006078,6
0.01,7,49,2,49002,SA,0.4753126214381843,7
0.01,7,49,3,49003,EA,0.546602653530094,6
0.01,7,49,3,49003,SA,0.3785749022623703,8
0.01,7,49,4,49004,EA,0.4958767344753003,5
0.01,7,49,4,49004,SA,0.2715132886196403,3
0.01,8,50,0,50000,EA,0.637974674792228,6
0.01,8,50,0,50000,SA,0.6180264394688196,9
0.01,8,50,1,50001,EA,0.6080203375608862,6
0.01,8,50,1,50001,SA,0.37964882331701627,5
0.01,8,50,2,50002,EA,0.4994220882611552,5
0.01,8,50,2,50002,SA,0.4991006932776945,5
0.01,8,50,3,50003,EA,0.5636024473373636,4
0.01,8,50,3,50003,SA,0.5562597642911051,7
0.01,8,50,4,50004,EA,0.5552769081417882,5
0.01,8,50,4,50004,SA,0.37850843152120467,3
0.01,9,51,0,51000,EA,0.4879942929347371,5
0.01,9,51,0,51000,SA,0.39821751403511674,4
0.01,9,51,1,51001,EA,0.5612160986159503,5
0.01,9,51,1,51001,SA,0.21035238681485638,5
0.01,9,51,2,51002,EA,0.5710701010201652,4
0.01,9,51,2,51002,SA,0.3936681878830034,5
0.01,9,51,3,51003,EA,0.5197402920088808,6
0.01,9,51,3,51003,SA,0.4444725714635321,8
0.01,9,51,4,51004,EA,0.5328989163964556,5
0.01,9,51,4,51004,SA,0.2048022422297183,7
0.01,10,52,0,52000,EA,0.5561000395202119,4
0.01,10,52,0,52000,SA,0.4871317125982842,7
0.01,10,52,1,52001,EA,0.536009069787206,7
0.01,10,52,1,52001,SA,0.5517455648460938,4
0.01,10,52,2,52002,EA,0.5719355838361008,5
0.01,10,52,2,52002,SA,0.3425690106797773,3
0.01,10,52,3,52003,EA,0.4066695643822557,2
0.01,10,52,3,52003,SA,0.32165651343718127,8
0.01,10,52,4,52004,EA,0.3516190110029415,3
0.01,10,52,4,52004,SA,0.5404728529587363,11
0.01,11,53,0,53000,EA,0.6649661406428746,6
0.01,11,53,0,53000,SA,0.6170262255013681,6
0.01,11,53,1,53001,EA,0.6772948655310549,5
0.01,11,53,1,53001,SA,0.6508387471500114,7
0.01,11,53,2,53002,EA,0.6606035712999455,4
0.01,11,53,2,53002,SA,0.5978423721632312,8
0.01,11,53,3,53003,EA,0.6522982155479113,5
0.01,11,53,3,53003,SA,0.5960946009381799,6
0.01,11,53,4,53004,EA,0.6689177580851234,5
0.01,11,53,4,53004,SA,0.4115579581212813,3
0.01,12,54,0,54000,EA,0.6432666189155191,5
0.01,12,54,0,54000,SA,0.5967278143884797,5
0.01,12,54,1,54001,EA,0.5794583787453026,5
0.01,12,54,1,54001,SA,0.366795115802798,4
0.01,12,54,2,54002,EA,0.6080237605027474,3
0.01,12,54,2,54002,SA,0.5530763243991732,6
0.01,12,54,3,54003,EA,0.6328486674264283,5
0.01,12,54,3,54003,SA,0.519131551108118,6
0.01,12,54,4,54004,EA,0.6571510844697258,6
0.01,12,54,4,54004,SA,0.4634950294898097,8
0.01,13,55,0,55000,EA,0.371012795720359,4
0.01,13,55,0,55000,SA,0.2187033588169697,3
0.01,13,55,1,55001,EA,0.37091365101107193,3
0.01,13,55,1,55001,SA,0.3288759150547378,14
0.01,13,55,2,55002,EA,0.4109260628632511,6
0.01,13,55,2,55002,SA,0.30099473898676626,4
0.01,13,55,3,55003,EA,0.3897275048038201,5
0.01,13,55,3,55003,SA,0.2826644495602901,10
0.01,13,55,4,55004,EA,0.37199310529910745,4
0.01,13,55,4,55004,SA,0.4219427024397279,9
0.01,14,56,0,56000,EA,0.5067165892377815,6
0.01,14,56,0,56000,SA,0.3759438862171001,5
0.01,14,56,1,56001,EA,0.506762720652999,6
0.01,14,56,1,56001,SA,0.3083906377195974,4
0.01,14,56,2,56002,EA,0.43937621241977454,4
0.01,14,56,2,56002,SA,0.2661389572694018,1
0.01,14,56,3,56003,EA,0.4141106685003224,4
0.01,14,56,3,56003,SA,0.49186341342490925,10
0.01,14,56,4,56004,EA,0.498182998291335,5
0.01,14,56,4,56004,SA,0.35299712714764486,3
0.01,15,57,0,57000,EA,0.48914737410523074,5
0.01,15,57,0,57000,SA,0.4610980676677391,5
0.01,15,57,1,57001,EA,0.5198403344135617,6
0.01,15,57,1,57001,SA,0.47420301301387635,7
0.01,15,57,2,57002,EA,0.5377523876162524,5
0.01,15,57,2,57002,SA,0.26222387509034345,5
0.01,15,57,3,57003,EA,0.4875495960307007,4
0.01,15,57,3,57003,SA,0.30439331067606074,3
0.01,15,57,4,57004,EA,0.5078009710430827,5
0.01,15,57,4,57004,SA,0.41865026056297505,15
0.01,16,58,0,58000,EA,0.3444680898592733,3
0.01,16,58,0,58000,SA,0.3851486658805762,7
0.01,16,58,1,58001,EA,0.3436194891680185,3
0.01,16,58,1,58001,SA,0.28260327727127715,3
0.01,16,58,2,58002,EA,0.43123092114442435,6
0.01,16,58,2,58002,SA,0.3096599522513694,4
0.01,16,58,3,58003,EA,0.4077138983586926,5
0.01,16,58,3,58003,SA,0.32439378855675627,7
0.01,16,58,4,58004,EA,0.37082462945323114,4
0.01,16,58,4,58004,SA,0.3351880148834084,4
0.01,17,59,0,59000,EA,0.31473513730915753,5
0.01,17,59,0,59000,SA,0.274280394116332,9
0.01,17,59,1,59001,EA,0.27252650164302583,4
0.01,17,59,1,59001,SA,0.2254840400917527,4
0.01,17,59,2,59002,EA,0.3083004486647918,5
0.01,17,59,2,59002,SA,0.25374800833549327,4
0.01,17,59,3,59003,EA,0.3159022992651537,5
0.01,17,59,3,59003,SA,0.31002591833071574,10
0.01,17,59,4,59004,EA,0.309248975856063,5
0.01,17,59,4,59004,SA,0.27234500504028253,6
0.01,18,60,0,60000,EA,0.32841376210714646,5
0.01,18,60,0,60000,SA,0.20342584178740666,6
0.01,18,60,1,60001,EA,0.30551449971021005,7
0.01,18,60,1,60001,SA,0.2594029138457989,6
0.01,18,60,2,60002,EA,0.29981715737882453,4
0.01,18,60,2,60002,SA,0.2368504900763157,6
0.01,18,60,3,60003,EA,0.28304145166050204,3
0.01,18,60,3,60003,SA,0.2726964391821822,7
0.01,18,60,4,60004,EA,0.28797096621919105,3
0.01,18,60,4,60004,SA,0.2487152605226163,3
0.01,19,61,0,61000,EA,0.4693147776183071,5
0.01,19,61,0,61000,SA,0.3307125042979743,8
0.01,19,61,1,61001,EA,0.45225821513781767,5
0.01,19,61,1,61001,SA,0.3941273187448645,5
0.01,19,61,2,61002,EA,0.444175813333602,4
0.01,19,61,2,61002,SA,0.3494127490767998,4
0.01,19,61,3,61003,EA,0.4643720416184045,5
0.01,19,61,3,61003,SA,0.37500073846240356,4
0.01,19,61,4,61004,EA,0.44666184594121056,6
0.01,19,61,4,61004,SA,0.292579476690917,8
0.02,0,42,0,42000,EA,0.26310580405987893,2
0.02,0,42,0,42000,SA,0.254592452629416,4
0.02,0,42,1,42001,EA,0.3274724558466583,5
0.02,0,42,1,42001,SA,0.2123154416079334,7
0.02,0,42,2,42002,EA,0.3175442888629762,3
0.02,0,42,2,42002,SA,0.2950536330224108,7
0.02,0,42,3,42003,EA,0.28897284982904803,3
0.02,0,42,3,42003,SA,0.37976801900848406,4
0.02,0,42,4,42004,EA,0.26407388471989585,2
0.02,0,42,4,42004,SA,0.29014253055792827,3
0.02,1,43,0,43000,EA,0.3821411706274683,3
0.02,1,43,0,43000,SA,0.27883152787704796,2
0.02,1,43,1,43001,EA,0.24367641541628735,1
0.02,1,43,1,43001,SA,0.42362943870643677,6
0.02,1,43,2,43002,EA,0.2962392591459199,2
0.02,1,43,2,43002,SA,0.44396114683306337,10
0.02,1,43,3,43003,EA,0.42333563367415017,4
0.02,1,43,3,43003,SA,0.2806918830364739,3
0.02,1,43,4,43004,EA,0.343200301110627,4
0.02,1,43,4,43004,SA,0.2955187155392991,2
0.02,2,44,0,44000,EA,0.4529237473176372,4
0.02,2,44,0,44000,SA,0.3890892229051644,10
0.02,2,44,1,44001,EA,0.42434155030683063,4
0.02,2,44,1,44001,SA,0.3622985930551515,3
0.02,2,44,2,44002,EA,0.4435097836934547,4
0.02,2,44,2,44002,SA,0.47292100917036684,12
0.02,2,44,3,44003,EA,0.36453642046294127,3
0.02,2,44,3,44003,SA,0.34664453939587414,2
0.02,2,44,4,44004,EA,0.33643443593765887,2
0.02,2,44,4,44004,SA,0.39509980711144116,3
0.02,3,45,0,45000,EA,0.47776184590641885,6
0.02,3,45,0,45000,SA,0.365257319288004,5
0.02,3,45,1,45001,EA,0.32121709968088313,4
0.02,3,45,1,45001,SA,0.43223649638385836,5
0.02,3,45,2,45002,EA,0.2976048806277688,2
0.02,3,45,2,45002,SA,0.3153735457626537,3
0.02,3,45,3,45003,EA,0.29276605554718227,2
0.02,3,45,3,45003,SA,0.3063514426577752,3
0.02,3,45,4,45004,EA,0.30017471087789654,3
0.02,3,45,4,45004,SA,0.2922405366174138,4
0.02,4,46,0,46000,EA,0.5481197983326068,8
0.02,4,46,0,46000,SA,0.33533770490064957,9
0.02,4,46,1,46001,EA,0.5134015436345875,6
0.02,4,46,1,46001,SA,0.3145071113075532,3
0.02,4,46,2,46002,EA,0.3848709040743765,3
0.02,4,46,2,46002,SA,0.2357785054637202,3
0.02,4,46,3,46003,EA,0.3451388767430972,3
0.02,4,46,3,46003,SA,0.43435944015974826,7
0.02,4,46,4,46004,EA,0.2985378095111198,3
0.02,4,46,4,46004,SA,0.22337821024130528,2
0.02,5,47,0,47000,EA,0.39535647124490086,3
0.02,5,47,0,47000,SA,0.34153007206919933,4
0.02,5,47,1,47001,EA,0.4796678460904546,6
0.02,5,47,1,47001,SA,0.3228491876547184,3
0.02,5,47,2,47002,EA,0.35989440787681654,4
0.02,5,47,2,47002,SA,0.3326169715591801,4
0.02,5,47,3,47003,EA,0.32586254497384165,3
0.02,5,47,3,47003,SA,0.2685867082247865,3
0.02,5,47,4,47004,EA,0.35160608836312085,4
0.02,5,47,4,47004,SA,0.2603928789772579,3
0.02,6,48,0,48000,EA,0.6225656611770155,5
0.02,6,48,0,48000,SA,0.34334421936118575,4
0.02,6,48,1,48001,EA,0.5179064449550048,4
0.02,6,48,1,48001,SA,0.4076859353935437,5
0.02,6,48,2,48002,EA,0.5645958575592542,4
0.02,6,48,2,48002,SA,0.5853392733217089,8
0.02,6,48,3,48003,EA,0.5803694186322033,5
0.02,6,48,3,48003,SA,0.4592645257725842,5
0.02,6,48,4,48004,EA,0.6896827172308401,6
0.02,6,48,4,48004,SA,0.31653686304810846,3
0.02,7,49,0,49000,EA,0.3203570206909614,4
0.02,7,49,0,49000,SA,0.4463424916801884,8
0.02,7,49,1,49001,EA,0.5410548272772625,6
0.02,7,49,1,49001,SA,0.4803885834935335,12
0.02,7,49,2,49002,EA,0.4983946723270772,5
0.02,7,49,2,49002,SA,0.24146889113359804,2
0.02,7,49,3,49003,EA,0.5515394133422572,6
0.02,7,49,3,49003,SA,0.36478456619463906,11
0.02,7,49,4,49004,EA,0.5548427848682252,5
0.02,7,49,4,49004,SA,0.445027638182091,4
0.02,8,50,0,50000,EA,0.6682119709220956,8
0.02,8,50,0,50000,SA,0.558437502480302,6
0.02,8,50,1,50001,EA,0.6349317122465622,4
0.02,8,50,1,50001,SA,0.42626760364577176,4
0.02,8,50,2,50002,EA,0.6311626080433294,5
0.02,8,50,2,50002,SA,0.4991006932776945,5
0.02,8,50,3,50003,EA,0.6644216823698998,7
0.02,8,50,3,50003,SA,0.2995361327773844,4
0.02,8,50,4,50004,EA,0.5115355885385323,3
0.02,8,50,4,50004,SA,0.42597986906260016,6
0.02,9,51,0,51000,EA,0.46671259266753684,5
0.02,9,51,0,51000,SA,0.1815767172578613,2
0.02,9,51,1,51001,EA,0.5482302268197958,4
0.02,9,51,1,51001,SA,0.184413901065034,4
0.02,9,51,2,51002,EA,0.5074401838653008,6
0.02,9,51,2,51002,SA,0.35922100829052434,5
0.02,9,51,3,51003,EA,0.5742699145666535,5
0.02,9,51,3,51003,SA,0.3326593863165398,3
0.02,9,51,4,51004,EA,0.37497795348668855,4
0.02,9,51,4,51004,SA,0.44472366252510104,5
0.02,10,52,0,52000,EA,0.3943368707996896,4
0.02,10,52,0,52000,SA,0.3568302157612412,6
0.02,10,52,1,52001,EA,0.5484285829928252,4
0.02,10,52,1,52001,SA,0.3840165557967595,2
0.02,10,52,2,52002,EA,0.5172761619218351,6
0.02,10,52,2,52002,SA,0.3148574914198631,4
0.02,10,52,3,52003,EA,0.32651286857806927,1
0.02,10,52,3,52003,SA,0.4972990165751673,7
0.02,10,52,4,52004,EA,0.4109878999146306,2
0.02,10,52,4,52004,SA,0.4494905533250864,4
0.02,11,53,0,53000,EA,0.6358000704069273,4
0.02,11,53,0,53000,SA,0.6193561394633861,6
0.02,11,53,1,53001,EA,0.5582806924454503,3
0.02,11,53,1,53001,SA,0.6246247410769332,6
0.02,11,53,2,53002,EA,0.5612153261919701,3
0.02,11,53,2,53002,SA,0.5832237421121308,7
0.02,11,53,3,53003,EA,0.6296789640001434,5
0.02,11,53,3,53003,SA,0.5362439020596447,7
0.02,11,53,4,53004,EA,0.6538977633644028,5
0.02,11,53,4,53004,SA,0.5752611438151831,4
0.02,12,54,0,54000,EA,0.5777436868665865,3
0.02,12,54,0,54000,SA,0.5395053922216725,3
0.02,12,54,1,54001,EA,0.5976098278092716,4
0.02,12,54,1,54001,SA,0.36715515939534277,3
0.02,12,54,2,54002,EA,0.5618210816010744,4
0.02,12,54,2,54002,SA,0.5487621137581785,4
0.02,12,54,3,54003,EA,0.5939375122682411,4
0.02,12,54,3,54003,SA,0.35329763481982845,3
0.02,12,54,4,54004,EA,0.4090828440389251,3
0.02,12,54,4,54004,SA,0.4116054417100391,9
0.02,13,55,0,55000,EA,0.3188941925216392,3
0.02,13,55,0,55000,SA,0.2977863351892257,2
0.02,13,55,1,55001,EA,0.36616459351700026,2
0.02,13,55,1,55001,SA,0.358043132622777,10
0.02,13,55,2,55002,EA,0.3696855075790483,3
0.02,13,55,2,55002,SA,0.24886519869770915,2
0.02,13,55,3,55003,EA,0.3658098612851016,3
0.02,13,55,3,55003,SA,0.3575780518130012,7
0.02,13,55,4,55004,EA,0.375438442705236,2
0.02,13,55,4,55004,SA,0.3099907121444721,3
0.02,14,56,0,56000,EA,0.49921776583063193,4
0.02,14,56,0,56000,SA,0.2843726757956304,2
0.02,14,56,1,56001,EA,0.45232766638474137,3
0.02,14,56,1,56001,SA,0.187190146120933,3
0.02,14,56,2,56002,EA,0.48049106100611405,4
0.02,14,56,2,56002,SA,0.29705089188465805,4
0.02,14,56,3,56003,EA,0.49888275060089904,4
0.02,14,56,3,56003,SA,0.3200784124773712,2
0.02,14,56,4,56004,EA,0.44418693386111646,7
0.02,14,56,4,56004,SA,0.35299712714764486,3
0.02,15,57,0,57000,EA,0.5322809045040745,6
0.02,15,57,0,57000,SA,0.4569742741088033,5
0.02,15,57,1,57001,EA,0.503895169614771,4
0.02,15,57,1,57001,SA,0.45688044410715345,4
0.02,15,57,2,57002,EA,0.49927068088801546,5
0.02,15,57,2,57002,SA,0.26222387509034345,5
0.02,15,57,3,57003,EA,0.41343006457241055,3
0.02,15,57,3,57003,SA,0.2884210358997473,2
0.02,15,57,4,57004,EA,0.5218991929013655,5
0.02,15,57,4,57004,SA,0.4544211737039555,8
0.02,16,58,0,58000,EA,0.357378297724194,3
0.02,16,58,0,58000,SA,0.36496131915139984,8
0.02,16,58,1,58001,EA,0.34505958974157397,3
0.02,16,58,1,58001,SA,0.25218676639479887,2
0.02,16,58,2,58002,EA,0.3508688343156284,4
0.02,16,58,2,58002,SA,0.2961511766823142,4
0.02,16,58,3,58003,EA,0.33416403901924724,2
0.02,16,58,3,58003,SA,0.3574970357581873,6
0.02,16,58,4,58004,EA,0.3519323370164683,3
0.02,16,58,4,58004,SA,0.21141260172881784,2
0.02,17,59,0,59000,EA,0.24579455839897282,2
0.02,17,59,0,59000,SA,0.19947558180511266,2
0.02,17,59,1,59001,EA,0.30782477053509666,4
0.02,17,59,1,59001,SA,0.26501251377678736,4
0.02,17,59,2,59002,EA,0.31996099689906066,5
0.02,17,59,2,59002,SA,0.3580894426011675,5
0.02,17,59,3,59003,EA,0.2707295375479196,4
0.02,17,59,3,59003,SA,0.28601380026841544,8
0.02,17,59,4,59004,EA,0.3431552756550955,5
0.02,17,59,4,59004,SA,0.22469443450701793,2
0.02,18,60,0,60000,EA,0.2677127709119163,3
0.02,18,60,0,60000,SA,0.2589139009229912,5
0.02,18,60,1,60001,EA,0.30203443708004185,4
0.02,18,60,1,60001,SA,0.14937757699780774,2
0.02,18,60,2,60002,EA,0.2754972643829884,3
0.02,18,60,2,60002,SA,0.22931465970659343,4
0.02,18,60,3,60003,EA,0.2644374506502138,3
0.02,18,60,3,60003,SA,0.28113410777482045,4
0.02,18,60,4,60004,EA,0.2696916167330798,3
0.02,18,60,4,60004,SA,0.27579382956684845,3
0.02,19,61,0,61000,EA,0.27375029899841,3
0.02,19,61,0,61000,SA,0.1999600065834371,2
0.02,19,61,1,61001,EA,0.4420973471675344,4
0.02,19,61,1,61001,SA,0.45620982134389604,6
0.02,19,61,2,61002,EA,0.4145726034977968,4
0.02,19,61,2,61002,SA,0.11729907810427977,2
0.02,19,61,3,61003,EA,0.36432778304690805,3
0.02,19,61,3,61003,SA,0.1999655673009725,2
0.02,19,61,4,61004,EA,0.45966259945831195,6
0.02,19,61,4,61004,SA,0.30373997788366613,6
0.03,0,42,0,42000,EA,0.2705039438073491,2
0.03,0,42,0,42000,SA,0.3749882231529003,14
0.03,0,42,1,42001,EA,0.4135815811866011,4
0.03,0,42,1,42001,SA,0.29411990371863894,7
0.03,0,42,2,42002,EA,0.2590679453900521,2
0.03,0,42,2,42002,SA,0.343958223782869,6
0.03,0,42,3,42003,EA,0.2714274575578982,2
0.03,0,42,3,42003,SA,0.254592452629416,2
0.03,0,42,4,42004,EA,0.2661176106089355,2
0.03,0,42,4,42004,SA,0.2941008759918409,3
0.03,1,43,0,43000,EA,0.2906703370452356,2
0.03,1,43,0,43000,SA,0.267958756704052,3
0.03,1,43,1,43001,EA,0.29454670049678056,2
0.03,1,43,1,43001,SA,0.30095097794585723,5
0.03,1,43,2,43002,EA,0.29651911244124857,2
0.03,1,43,2,43002,SA,0.4456751505801382,7
0.03,1,43,3,43003,EA,0.2955750038398377,2
0.03,1,43,3,43003,SA,0.23518516188394756,1
0.03,1,43,4,43004,EA,0.4234138048551491,4
0.03,1,43,4,43004,SA,0.49894020076284196,5
0.03,2,44,0,44000,EA,0.3832058495483945,2
0.03,2,44,0,44000,SA,0.37234059299219074,5
0.03,2,44,1,44001,EA,0.41375830789951573,3
0.03,2,44,1,44001,SA,0.3622985930551515,3
0.03,2,44,2,44002,EA,0.27751223880961984,1
0.03,2,44,2,44002,SA,0.47292100917036684,12
0.03,2,44,3,44003,EA,0.3757607032503471,3
0.03,2,44,3,44003,SA,0.3152317716938131,2
0.03,2,44,4,44004,EA,0.33643443593765887,2
0.03,2,44,4,44004,SA,0.39509980711144116,3
0.03,3,45,0,45000,EA,0.3234040945768854,3
0.03,3,45,0,45000,SA,0.2815358327911388,2
0.03,3,45,1,45001,EA,0.2960788178905086,3
0.03,3,45,1,45001,SA,0.3828566266982555,6
0.03,3,45,2,45002,EA,0.2685481891336047,2
0.03,3,45,2,45002,SA,0.2510712953595422,2
0.03,3,45,3,45003,EA,0.3064928799332388,3
0.03,3,45,3,45003,SA,0.2949252904996583,2
0.03,3,45,4,45004,EA,0.2966724468155826,2
0.03,3,45,4,45004,SA,0.2208218876490959,3
0.03,4,46,0,46000,EA,0.4196840655704064,4
0.03,4,46,0,46000,SA,0.23625730779617865,2
0.03,4,46,1,46001,EA,0.49241413215148216,4
0.03,4,46,1,46001,SA,0.3057321821191619,3
0.03,4,46,2,46002,EA,0.436475233766035,5
0.03,4,46,2,46002,SA,0.2531957337752321,2
0.03,4,46,3,46003,EA,0.32206453038234006,3
0.03,4,46,3,46003,SA,0.23779339365920668,2
0.03,4,46,4,46004,EA,0.3724931722116765,4
0.03,4,46,4,46004,SA,0.3914628368021781,5
0.03,5,47,0,47000,EA,0.31848315724360715,3
0.03,5,47,0,47000,SA,0.2999532484760296,3
0.03,5,47,1,47001,EA,0.471651068501641,5
0.03,5,47,1,47001,SA,0.32112881655089187,3
0.03,5,47,2,47002,EA,0.2724521146225812,3
0.03,5,47,2,47002,SA,0.30901651073951464,3
0.03,5,47,3,47003,EA,0.3667930985875529,4
0.03,5,47,3,47003,SA,0.3228491876547184,5
0.03,5,47,4,47004,EA,0.3106559690310034,3
0.03,5,47,4,47004,SA,0.17600552716329765,1
0.03,6,48,0,48000,EA,0.5973152720705706,6
0.03,6,48,0,48000,SA,0.3460297701798813,4
0.03,6,48,1,48001,EA,0.5282961953398814,4
0.03,6,48,1,48001,SA,0.34378019178949626,4
0.03,6,48,2,48002,EA,0.5453749425939708,5
0.03,6,48,2,48002,SA,0.23693924359394278,3
0.03,6,48,3,48003,EA,0.5218268801421978,4
0.03,6,48,3,48003,SA,0.4852517633181935,6
0.03,6,48,4,48004,EA,0.6414252904777542,5
0.03,6,48,4,48004,SA,0.34612046337433344,4
0.03,7,49,0,49000,EA,0.4665262023947495,4
0.03,7,49,0,49000,SA,0.22209458168862167,5
0.03,7,49,1,49001,EA,0.4966984012811029,4
0.03,7,49,1,49001,SA,0.40843776145763966,7
0.03,7,49,2,49002,EA,0.48759884371288126,4
0.03,7,49,2,49002,SA,0.35673514709613424,3
0.03,7,49,3,49003,EA,0.4239848718931486,4
0.03,7,49,3,49003,SA,0.36478456619463906,11
0.03,7,49,4,49004,EA,0.5885387267426699,5
0.03,7,49,4,49004,SA,0.2715132886196403,3
0.03,8,50,0,50000,EA,0.5376189614950696,4
0.03,8,50,0,50000,SA,0.31519177969722234,2
0.03,8,50,1,50001,EA,0.543728556804301,4
0.03,8,50,1,50001,SA,0.3637682920801502,3
0.03,8,50,2,50002,EA,0.52617137700156,3
0.03,8,50,2,50002,SA,0.35326005031423474,2
0.03,8,50,3,50003,EA,0.6138730969511429,5
0.03,8,50,3,50003,SA,0.5233698846185763,3
0.03,8,50,4,50004,EA,0.463679873368952,3
0.03,8,50,4,50004,SA,0.42597986906260016,6
0.03,9,51,0,51000,EA,0.4993783540146411,4
0.03,9,51,0,51000,SA,0.2957919330684962,7
0.03,9,51,1,51001,EA,0.5782930195777646,5
0.03,9,51,1,51001,SA,0.29944587449196197,5
0.03,9,51,2,51002,EA,0.4946329417058432,4
0.03,9,51,2,51002,SA,0.2649875048319787,4
0.03,9,51,3,51003,EA,0.5680503427148879,6
0.03,9,51,3,51003,SA,0.5468040055670487,7
0.03,9,51,4,51004,EA,0.5712834745700097,5
0.03,9,51,4,51004,SA,0.4429427084566148,6
0.03,10,52,0,52000,EA,0.5116072606194398,3
0.03,10,52,0,52000,SA,0.45363965589210087,5
0.03,10,52,1,52001,EA,0.3696621156180509,2
0.03,10,52,1,52001,SA,0.3840165557967595,2
0.03,10,52,2,52002,EA,0.5030100910831657,3
0.03,10,52,2,52002,SA,0.3122143555770322,5
0.03,10,52,3,52003,EA,0.5436065123682633,4
0.03,10,52,3,52003,SA,0.5345438155798863,6
0.03,10,52,4,52004,EA,0.5307247027667945,3
0.03,10,52,4,52004,SA,0.3774698805093013,2
0.03,11,53,0,53000,EA,0.6486164021602621,3
0.03,11,53,0,53000,SA,0.6444052075815152,6
0.03,11,53,1,53001,EA,0.5306273014405075,5
0.03,11,53,1,53001,SA,0.6093638985740129,3
0.03,11,53,2,53002,EA,0.6177481152209332,3
0.03,11,53,2,53002,SA,0.5283245475634616,6
0.03,11,53,3,53003,EA,0.6695336147442384,5
0.03,11,53,3,53003,SA,0.5898979714738544,4
0.03,11,53,4,53004,EA,0.6471855752113507,3
0.03,11,53,4,53004,SA,0.5752611438151831,4
0.03,12,54,0,54000,EA,0.5749750792333299,4
0.03,12,54,0,54000,SA,0.5580037343492549,3
0.03,12,54,1,54001,EA,0.5606091380623912,4
0.03,12,54,1,54001,SA,0.36715515939534277,3
0.03,12,54,2,54002,EA,0.6029211329056656,3
0.03,12,54,2,54002,SA,0.4134567002558026,3
0.03,12,54,3,54003,EA,0.6244572017743074,4
0.03,12,54,3,54003,SA,0.5947982396130757,4
0.03,12,54,4,54004,EA,0.5852999942885826,3
0.03,12,54,4,54004,SA,0.594224796114075,12
0.03,13,55,0,55000,EA,0.35671733465208777,3
0.03,13,55,0,55000,SA,0.2640438825968462,2
0.03,13,55,1,55001,EA,0.365809309540585,2
0.03,13,55,1,55001,SA,0.3638521027230185,3
0.03,13,55,2,55002,EA,0.3751078458609993,3
0.03,13,55,2,55002,SA,0.22275324899388388,1
0.03,13,55,3,55003,EA,0.3492012758273405,2
0.03,13,55,3,55003,SA,0.37440830259382946,7
0.03,13,55,4,55004,EA,0.3717853239791955,3
0.03,13,55,4,55004,SA,0.3355155718629528,3
0.03,14,56,0,56000,EA,0.2524639034564882,1
0.03,14,56,0,56000,SA,0.2979597928554591,2
0.03,14,56,1,56001,EA,0.3983628253822042,3
0.03,14,56,1,56001,SA,0.39071269760479316,4
0.03,14,56,2,56002,EA,0.39346114944065663,3
0.03,14,56,2,56002,SA,0.29705089188465805,4
0.03,14,56,3,56003,EA,0.34079661128481725,2
0.03,14,56,3,56003,SA,0.3715452747530113,7
0.03,14,56,4,56004,EA,0.45231940848442764,4
0.03,14,56,4,56004,SA,0.2510702439577787,1
0.03,15,57,0,57000,EA,0.47834786840005417,3
0.03,15,57,0,57000,SA,0.4173226583901424,4
0.03,15,57,1,57001,EA,0.4997800021880017,5
0.03,15,57,1,57001,SA,0.42945108035016,3
0.03,15,57,2,57002,EA,0.5012405060662034,5
0.03,15,57,2,57002,SA,0.4308785769991878,4
0.03,15,57,3,57003,EA,0.546508857910112,5
0.03,15,57,3,57003,SA,0.42014937118431683,3
0.03,15,57,4,57004,EA,0.4834369463600221,4
0.03,15,57,4,57004,SA,0.18750718804224897,1
0.03,16,58,0,58000,EA,0.3336609154395257,2
0.03,16,58,0,58000,SA,0.3373771181452655,2
0.03,16,58,1,58001,EA,0.3243642785683657,2
0.03,16,58,1,58001,SA,0.25218676639479887,2
0.03,16,58,2,58002,EA,0.3624857146151842,3
0.03,16,58,2,58002,SA,0.2706961836583729,3
0.03,16,58,3,58003,EA,0.3387299229341421,2
0.03,16,58,3,58003,SA,0.25218126284861114,1
0.03,16,58,4,58004,EA,0.3431588474959487,2
0.03,16,58,4,58004,SA,0.298248703255553,2
0.03,17,59,0,59000,EA,0.27343614868133026,3
0.03,17,59,0,59000,SA,0.19947558180511266,2
0.03,17,59,1,59001,EA,0.19926993580342417,2
0.03,17,59,1,59001,SA,0.14721366087831084,1
0.03,17,59,2,59002,EA,0.23057884925083216,2
0.03,17,59,2,59002,SA,0.16124515424615637,2
0.03,17,59,3,59003,EA,0.24075633067582605,2
0.03,17,59,3,59003,SA,0.26059148231576545,5
0.03,17,59,4,59004,EA,0.1654332440185633,1
0.03,17,59,4,59004,SA,0.22469443450701793,2
0.03,18,60,0,60000,EA,0.2580405845278168,3
0.03,18,60,0,60000,SA,0.3377461565247833,7
0.03,18,60,1,60001,EA,0.30372454194168885,4
0.03,18,60,1,60001,SA,0.26246306879830955,3
0.03,18,60,2,60002,EA,0.2722172290924243,3
0.03,18,60,2,60002,SA,0.18099256817331216,3
0.03,18,60,3,60003,EA,0.25695542623164436,3
0.03,18,60,3,60003,SA,0.14163546860157158,2
0.03,18,60,4,60004,EA,0.2801156967979738,3
0.03,18,60,4,60004,SA,0.27579382956684845,3
0.03,19,61,0,61000,EA,0.3755618588274998,3
0.03,19,61,0,61000,SA,0.1999600065834371,2
0.03,19,61,1,61001,EA,0.4052964368881804,3
0.03,19,61,1,61001,SA,0.0928437271830945,1
0.03,19,61,2,61002,EA,0.415358767195444,3
0.03,19,61,2,61002,SA,0.11729907810427977,2
0.03,19,61,3,61003,EA,0.4029447143419313,3
0.03,19,61,3,61003,SA,0.09145338382511899,1
0.03,19,61,4,61004,EA,0.1572162514901529,3
0.03,19,61,4,61004,SA,0.2909696835234217,3
0.05,0,42,0,42000,EA,0.2705039438073491,2
0.05,0,42,0,42000,SA,0.2572406539040084,2
0.05,0,42,1,42001,EA,0.254592452629416,2
0.05,0,42,1,42001,SA,0.24921368537484415,4
0.05,0,42,2,42002,EA,0.3772229273781267,3
0.05,0,42,2,42002,SA,0.30943450101672015,3
0.05,0,42,3,42003,EA,0.2714274575578982,2
0.05,0,42,3,42003,SA,0.254592452629416,2
0.05,0,42,4,42004,EA,0.254592452629416,2
0.05,0,42,4,42004,SA,0.254592452629416,2
0.05,1,43,0,43000,EA,0.2906703370452356,2
0.05,1,43,0,43000,SA,0.29120817421173784,2
0.05,1,43,1,43001,EA,0.29652677771484665,2
0.05,1,43,1,43001,SA,0.49245776200137376,6
0.05,1,43,2,43002,EA,0.29651911244124857,2
0.05,1,43,2,43002,SA,0.23252238015329285,1
0.05,1,43,3,43003,EA,0.37828534892270227,3
0.05,1,43,3,43003,SA,0.23518516188394756,1
0.05,1,43,4,43004,EA,0.3616031165038179,3
0.05,1,43,4,43004,SA,0.49894020076284196,5
0.05,2,44,0,44000,EA,0.3719684705127556,2
0.05,2,44,0,44000,SA,0.23437231284444668,4
0.05,2,44,1,44001,EA,0.2757204343114938,1
0.05,2,44,1,44001,SA,0.3255953233895297,2
0.05,2,44,2,44002,EA,0.27751223880961984,1
0.05,2,44,2,44002,SA,0.3407073557088786,5
0.05,2,44,3,44003,EA,0.34982539198348955,2
0.05,2,44,3,44003,SA,0.2770525655526332,1
0.05,2,44,4,44004,EA,0.3549223126797237,2
0.05,2,44,4,44004,SA,0.35178592378740847,2
0.05,3,45,0,45000,EA,0.27845924075340356,2
0.05,3,45,0,45000,SA,0.2815358327911388,2
0.05,3,45,1,45001,EA,0.3076909985430983,3
0.05,3,45,1,45001,SA,0.259177205547623,2
0.05,3,45,2,45002,EA,0.29743699494953063,2
0.05,3,45,2,45002,SA,0.2510712953595422,2
0.05,3,45,3,45003,EA,0.3024053113204068,3
0.05,3,45,3,45003,SA,0.2949252904996583,2
0.05,3,45,4,45004,EA,0.2966724468155826,2
0.05,3,45,4,45004,SA,0.15568548387204595,1
0.05,4,46,0,46000,EA,0.4810146932245028,4
0.05,4,46,0,46000,SA,0.2504633115016408,2
0.05,4,46,1,46001,EA,0.3883100799659815,3
0.05,4,46,1,46001,SA,0.3057321821191619,3
0.05,4,46,2,46002,EA,0.3946478668817591,3
0.05,4,46,2,46002,SA,0.2531957337752321,2
0.05,4,46,3,46003,EA,0.48722832119820736,4
0.05,4,46,3,46003,SA,0.2531656355168365,2
0.05,4,46,4,46004,EA,0.41632075574405925,4
0.05,4,46,4,46004,SA,0.24346801034996082,3
0.05,5,47,0,47000,EA,0.3309952073843735,3
0.05,5,47,0,47000,SA,0.31866321808800063,3
0.05,5,47,1,47001,EA,0.39309512814500136,4
0.05,5,47,1,47001,SA,0.32112881655089187,3
0.05,5,47,2,47002,EA,0.4658776374564807,5
0.05,5,47,2,47002,SA,0.30901651073951464,3
0.05,5,47,3,47003,EA,0.24105864355492235,2
0.05,5,47,3,47003,SA,0.2097692109224832,2
0.05,5,47,4,47004,EA,0.3916864244983144,3
0.05,5,47,4,47004,SA,0.2275749718603995,2
0.05,6,48,0,48000,EA,0.5326186207549877,4
0.05,6,48,0,48000,SA,0.2608036907125151,3
0.05,6,48,1,48001,EA,0.620169406335801,4
0.05,6,48,1,48001,SA,0.3750642354000625,3
0.05,6,48,2,48002,EA,0.24918145749334875,2
0.05,6,48,2,48002,SA,0.241391518698459,2
0.05,6,48,3,48003,EA,0.6078369324827037,4
0.05,6,48,3,48003,SA,0.2065592347428841,2
0.05,6,48,4,48004,EA,0.4043909743263889,4
0.05,6,48,4,48004,SA,0.2065592347428841,2
0.05,7,49,0,49000,EA,0.40275335224477343,3
0.05,7,49,0,49000,SA,0.19037346788915116,2
0.05,7,49,1,49001,EA,0.5559875505268644,5
0.05,7,49,1,49001,SA,0.39287184918169227,3
0.05,7,49,2,49002,EA,0.45677522359402917,4
0.05,7,49,2,49002,SA,0.30895139720404335,3
0.05,7,49,3,49003,EA,0.23519397216226884,2
0.05,7,49,3,49003,SA,0.26056494906696326,3
0.05,7,49,4,49004,EA,0.49986514517072345,4
0.05,7,49,4,49004,SA,0.39261734956777256,4
0.05,8,50,0,50000,EA,0.5952142622452552,5
0.05,8,50,0,50000,SA,0.36464737493569,2
0.05,8,50,1,50001,EA,0.609588775822937,4
0.05,8,50,1,50001,SA,0.3637682920801502,3
0.05,8,50,2,50002,EA,0.49994173995212565,3
0.05,8,50,2,50002,SA,0.34547806219424637,3
0.05,8,50,3,50003,EA,0.5303349596704442,4
0.05,8,50,3,50003,SA,0.4849967407130488,3
0.05,8,50,4,50004,EA,0.43632766466211226,3
0.05,8,50,4,50004,SA,0.36796044348097007,3
0.05,9,51,0,51000,EA,0.4670754085560552,4
0.05,9,51,0,51000,SA,0.31143128689578464,5
0.05,9,51,1,51001,EA,0.09753226195471082,1
0.05,9,51,1,51001,SA,0.10101287128700683,1
0.05,9,51,2,51002,EA,0.5494724377371646,4
0.05,9,51,2,51002,SA,0.21402986962097148,3
0.05,9,51,3,51003,EA,0.5626763162957441,5
0.05,9,51,3,51003,SA,0.2115429499796399,3
0.05,9,51,4,51004,EA,0.10673865378310593,1
0.05,9,51,4,51004,SA,0.4404392638670491,5
0.05,10,52,0,52000,EA,0.30017058249382944,1
0.05,10,52,0,52000,SA,0.32798020790042054,3
0.05,10,52,1,52001,EA,0.32564766308399457,1
0.05,10,52,1,52001,SA,0.37804206761282816,2
0.05,10,52,2,52002,EA,0.45933857867039685,3
0.05,10,52,2,52002,SA,0.40267798742369254,4
0.05,10,52,3,52003,EA,0.40407941001613956,2
0.05,10,52,3,52003,SA,0.29403844987302824,3
0.05,10,52,4,52004,EA,0.3258998418683184,1
0.05,10,52,4,52004,SA,0.3774698805093013,2
0.05,11,53,0,53000,EA,0.5499563245749739,3
0.05,11,53,0,53000,SA,0.5225992076374856,5
0.05,11,53,1,53001,EA,0.5113754632427082,3
0.05,11,53,1,53001,SA,0.6093638985740129,3
0.05,11,53,2,53002,EA,0.5023021896185134,3
0.05,11,53,2,53002,SA,0.3609169245429604,2
0.05,11,53,3,53003,EA,0.552355093688714,3
0.05,11,53,3,53003,SA,0.5898979714738544,4
0.05,11,53,4,53004,EA,0.6257196193375761,3
0.05,11,53,4,53004,SA,0.591323497054219,3
0.05,12,54,0,54000,EA,0.5901782877498747,3
0.05,12,54,0,54000,SA,0.5395053922216725,3
0.05,12,54,1,54001,EA,0.5314677735584264,3
0.05,12,54,1,54001,SA,0.3210930745307586,3
0.05,12,54,2,54002,EA,0.5469132380123868,4
0.05,12,54,2,54002,SA,0.33058088342308495,3
0.05,12,54,3,54003,EA,0.498850310336681,3
0.05,12,54,3,54003,SA,0.2800741826478501,2
0.05,12,54,4,54004,EA,0.5589882014587619,4
0.05,12,54,4,54004,SA,0.5084184197644972,10
0.05,13,55,0,55000,EA,0.3353727734329863,2
0.05,13,55,0,55000,SA,0.2640438825968462,2
0.05,13,55,1,55001,EA,0.3045127948531787,2
0.05,13,55,1,55001,SA,0.3638521027230185,3
0.05,13,55,2,55002,EA,0.33138051833936366,2
0.05,13,55,2,55002,SA,0.35862573230906536,4
0.05,13,55,3,55003,EA,0.36142809446502705,2
0.05,13,55,3,55003,SA,0.2921755353439552,5
0.05,13,55,4,55004,EA,0.30965695790779996,2
0.05,13,55,4,55004,SA,0.36728794588935043,2
0.05,14,56,0,56000,EA,0.4804792568161002,4
0.05,14,56,0,56000,SA,0.2979597928554591,2
0.05,14,56,1,56001,EA,0.24821407823430014,1
0.05,14,56,1,56001,SA,0.3295759964851527,3
0.05,14,56,2,56002,EA,0.34297891672755054,2
0.05,14,56,2,56002,SA,0.32959279767165345,2
0.05,14,56,3,56003,EA,0.32621535785595684,2
0.05,14,56,3,56003,SA,0.3200784124773712,2
0.05,14,56,4,56004,EA,0.34015304232897003,2
0.05,14,56,4,56004,SA,0.3289563758477252,2
0.05,15,57,0,57000,EA,0.4649072668185916,3
0.05,15,57,0,57000,SA,0.342755068708283,3
0.05,15,57,1,57001,EA,0.43908045833864123,3
0.05,15,57,1,57001,SA,0.45536670756954684,3
0.05,15,57,2,57002,EA,0.49066440874836703,4
0.05,15,57,2,57002,SA,0.4255339819189497,3
0.05,15,57,3,57003,EA,0.4819132365978321,3
0.05,15,57,3,57003,SA,0.46549893243244317,3
0.05,15,57,4,57004,EA,0.468764529823037,3
0.05,15,57,4,57004,SA,0.27514783010084454,5
0.05,16,58,0,58000,EA,0.23968356042560762,1
0.05,16,58,0,58000,SA,0.3373771181452655,2
0.05,16,58,1,58001,EA,0.3356683226949975,2
0.05,16,58,1,58001,SA,0.25218676639479887,2
0.05,16,58,2,58002,EA,0.30112656434360346,2
0.05,16,58,2,58002,SA,0.2503495587319302,1
0.05,16,58,3,58003,EA,0.32854587776385413,2
0.05,16,58,3,58003,SA,0.25218126284861114,1
0.05,16,58,4,58004,EA,0.2389303743263098,1
0.05,16,58,4,58004,SA,0.298248703255553,2
0.05,17,59,0,59000,EA,0.2298802029834762,2
0.05,17,59,0,59000,SA,0.144590333101538,1
0.05,17,59,1,59001,EA,0.23834226236585124,2
0.05,17,59,1,59001,SA,0.14721366087831084,1
0.05,17,59,2,59002,EA,0.22875407612422594,2
0.05,17,59,2,59002,SA,0.21852139072227694,2
0.05,17,59,3,59003,EA,0.1680119895281135,1
0.05,17,59,3,59003,SA,0.17145622665598584,1
0.05,17,59,4,59004,EA,0.23899285899215328,2
0.05,17,59,4,59004,SA,0.22469443450701793,2
0.05,18,60,0,60000,EA,0.29139451472686895,3
0.05,18,60,0,60000,SA,0.08393883387409873,1
0.05,18,60,1,60001,EA,0.2330048156319937,3
0.05,18,60,1,60001,SA,0.26246306879830955,3
0.05,18,60,2,60002,EA,0.2707006198474774,3
0.05,18,60,2,60002,SA,0.2664910717383789,3
0.05,18,60,3,60003,EA,0.2560375574228064,3
0.05,18,60,3,60003,SA,0.14163546860157158,2
0.05,18,60,4,60004,EA,0.2870439511609276,3
0.05,18,60,4,60004,SA,0.2194158893343119,2
0.05,19,61,0,61000,EA,0.09276288325209849,1
0.05,19,61,0,61000,SA,0.09471339115010766,1
0.05,19,61,1,61001,EA,0.4110563902309263,3
0.05,19,61,1,61001,SA,0.3318227677238421,3
0.05,19,61,2,61002,EA,0.38896768971701284,3
0.05,19,61,2,61002,SA,0.08699183118757241,1
0.05,19,61,3,61003,EA,0.38238383982536645,3
0.05,19,61,3,61003,SA,0.09145338382511899,1
0.05,19,61,4,61004,EA,0.38397833452713365,3
0.05,19,61,4,61004,SA,0.1986811037351076,3
0.07,0,42,0,42000,EA,0.2705039438073491,2
0.07,0,42,0,42000,SA,0.254592452629416,2
0.07,0,42,1,42001,EA,0.254592452629416,2
0.07,0,42,1,42001,SA,0.17781564500172437,1
0.07,0,42,2,42002,EA,0.3979339478849389,3
0.07,0,42,2,42002,SA,0.2657895878914205,2
0.07,0,42,3,42003,EA,0.254592452629416,2
0.07,0,42,3,42003,SA,0.2479115728174578,2
0.07,0,42,4,42004,EA,0.254592452629416,2
0.07,0,42,4,42004,SA,0.17784384697022768,1
0.07,1,43,0,43000,EA,0.2366808479682626,1
0.07,1,43,0,43000,SA,0.2361751955939629,1
0.07,1,43,1,43001,EA,0.24367641541628735,1
0.07,1,43,1,43001,SA,0.27759892399575253,3
0.07,1,43,2,43002,EA,0.23481348723399173,1
0.07,1,43,2,43002,SA,0.23252238015329285,1
0.07,1,43,3,43003,EA,0.23676270645813943,1
0.07,1,43,3,43003,SA,0.23518516188394756,1
0.07,1,43,4,43004,EA,0.24301299696525505,1
0.07,1,43,4,43004,SA,0.49894020076284196,5
0.07,2,44,0,44000,EA,0.3790394983659041,2
0.07,2,44,0,44000,SA,0.31491475970696015,3
0.07,2,44,1,44001,EA,0.2757204343114938,1
0.07,2,44,1,44001,SA,0.262148282826715,1
0.07,2,44,2,44002,EA,0.27751223880961984,1
0.07,2,44,2,44002,SA,0.3407073557088786,5
0.07,2,44,3,44003,EA,0.3481479359317773,2
0.07,2,44,3,44003,SA,0.2781910807942337,1
0.07,2,44,4,44004,EA,0.2623585960586233,1
0.07,2,44,4,44004,SA,0.35178592378740847,2
0.07,3,45,0,45000,EA,0.2381832656546852,2
0.07,3,45,0,45000,SA,0.2815358327911388,2
0.07,3,45,1,45001,EA,0.29525413384011423,2
0.07,3,45,1,45001,SA,0.259177205547623,2
0.07,3,45,2,45002,EA,0.2976048806277688,2
0.07,3,45,2,45002,SA,0.2510712953595422,2
0.07,3,45,3,45003,EA,0.2880840946343994,2
0.07,3,45,3,45003,SA,0.2949252904996583,2
0.07,3,45,4,45004,EA,0.2783464860252343,2
0.07,3,45,4,45004,SA,0.15568548387204595,1
0.07,4,46,0,46000,EA,0.24371883823226134,2
0.07,4,46,0,46000,SA,0.23779339365920668,2
0.07,4,46,1,46001,EA,0.33885705607714284,3
0.07,4,46,1,46001,SA,0.24140337087486086,2
0.07,4,46,2,46002,EA,0.24034469350742815,2
0.07,4,46,2,46002,SA,0.2531957337752321,2
0.07,4,46,3,46003,EA,0.2532745585840459,2
0.07,4,46,3,46003,SA,0.22969229735527363,2
0.07,4,46,4,46004,EA,0.3324346342009619,3
0.07,4,46,4,46004,SA,0.23779339365920668,2
0.07,5,47,0,47000,EA,0.17600552716329765,1
0.07,5,47,0,47000,SA,0.17600552716329765,1
0.07,5,47,1,47001,EA,0.17600552716329765,1
0.07,5,47,1,47001,SA,0.17600552716329765,1
0.07,5,47,2,47002,EA,0.17600552716329765,1
0.07,5,47,2,47002,SA,0.17672989007899,1
0.07,5,47,3,47003,EA,0.17600552716329765,1
0.07,5,47,3,47003,SA,0.2097692109224832,2
0.07,5,47,4,47004,EA,0.17600552716329765,1
0.07,5,47,4,47004,SA,0.17673580407371808,1
0.07,6,48,0,48000,EA,0.41999784249050887,4
0.07,6,48,0,48000,SA,0.2955508029950559,3
0.07,6,48,1,48001,EA,0.2628237447877417,2
0.07,6,48,1,48001,SA,0.35938744360690933,3
0.07,6,48,2,48002,EA,0.3331080090879911,3
0.07,6,48,2,48002,SA,0.241391518698459,2
0.07,6,48,3,48003,EA,0.47490551478182647,4
0.07,6,48,3,48003,SA,0.2065592347428841,2
0.07,6,48,4,48004,EA,0.47047732738000836,3
0.07,6,48,4,48004,SA,0.2065592347428841,2
0.07,7,49,0,49000,EA,0.3492939202129786,3
0.07,7,49,0,49000,SA,0.18491791372149063,2
0.07,7,49,1,49001,EA,0.5010297630827795,4
0.07,7,49,1,49001,SA,0.39287184918169227,3
0.07,7,49,2,49002,EA,0.5018080699426736,5
0.07,7,49,2,49002,SA,0.20189272565537836,2
0.07,7,49,3,49003,EA,0.23657194041597301,2
0.07,7,49,3,49003,SA,0.20731670579556952,2
0.07,7,49,4,49004,EA,0.4768258444810581,4
0.07,7,49,4,49004,SA,0.2020991876710531,2
0.07,8,50,0,50000,EA,0.5605761897025885,4
0.07,8,50,0,50000,SA,0.36464737493569,2
0.07,8,50,1,50001,EA,0.6446344317275342,4
0.07,8,50,1,50001,SA,0.3120863295460979,2
0.07,8,50,2,50002,EA,0.3695704245712254,2
0.07,8,50,2,50002,SA,0.5064701790440117,5
0.07,8,50,3,50003,EA,0.5644835725449598,3
0.07,8,50,3,50003,SA,0.4849967407130488,3
0.07,8,50,4,50004,EA,0.5372883327671453,4
0.07,8,50,4,50004,SA,0.28891847980246516,2
0.07,9,51,0,51000,EA,0.18023374957735433,2
0.07,9,51,0,51000,SA,0.3939417686399054,5
0.07,9,51,1,51001,EA,0.09753226195471082,1
0.07,9,51,1,51001,SA,0.10101287128700683,1
0.07,9,51,2,51002,EA,0.10457950387034191,1
0.07,9,51,2,51002,SA,0.09697293121582418,1
0.07,9,51,3,51003,EA,0.10190089003991615,1
0.07,9,51,3,51003,SA,0.0958570225015515,1
0.07,9,51,4,51004,EA,0.10016210325173378,1
0.07,9,51,4,51004,SA,0.09926782929276887,1
0.07,10,52,0,52000,EA,0.2984711320133905,1
0.07,10,52,0,52000,SA,0.32798020790042054,3
0.07,10,52,1,52001,EA,0.32564766308399457,1
0.07,10,52,1,52001,SA,0.326625025298319,1
0.07,10,52,2,52002,EA,0.30816018278733154,1
0.07,10,52,2,52002,SA,0.3385041129058771,3
0.07,10,52,3,52003,EA,0.482866314771551,3
0.07,10,52,3,52003,SA,0.4156557017662169,8
0.07,10,52,4,52004,EA,0.3258998418683184,1
0.07,10,52,4,52004,SA,0.3264066595329084,1
0.07,11,53,0,53000,EA,0.5710692409207878,3
0.07,11,53,0,53000,SA,0.5225992076374856,5
0.07,11,53,1,53001,EA,0.5113754632427082,3
0.07,11,53,1,53001,SA,0.6093638985740129,3
0.07,11,53,2,53002,EA,0.45928593124555583,3
0.07,11,53,2,53002,SA,0.3792233293180721,2
0.07,11,53,3,53003,EA,0.550010435141726,3
0.07,11,53,3,53003,SA,0.3609169245429604,2
0.07,11,53,4,53004,EA,0.5688344395860788,3
0.07,11,53,4,53004,SA,0.591323497054219,3
0.07,12,54,0,54000,EA,0.4464584859864557,3
0.07,12,54,0,54000,SA,0.1727318591651608,1
0.07,12,54,1,54001,EA,0.559825088326464,4
0.07,12,54,1,54001,SA,0.2958313108856189,2
0.07,12,54,2,54002,EA,0.5007255281224102,3
0.07,12,54,2,54002,SA,0.16265378592164337,1
0.07,12,54,3,54003,EA,0.3759536066041036,2
0.07,12,54,3,54003,SA,0.2667316858449782,2
0.07,12,54,4,54004,EA,0.5199012612383759,3
0.07,12,54,4,54004,SA,0.4086220087632684,3
0.07,13,55,0,55000,EA,0.3353727734329863,2
0.07,13,55,0,55000,SA,0.2249126330994225,3
0.07,13,55,1,55001,EA,0.36616459351700026,2
0.07,13,55,1,55001,SA,0.3633827230894904,2
0.07,13,55,2,55002,EA,0.3660980122474841,2
0.07,13,55,2,55002,SA,0.22275324899388388,1
0.07,13,55,3,55003,EA,0.36142809446502705,2
0.07,13,55,3,55003,SA,0.2220597320879578,1
0.07,13,55,4,55004,EA,0.37206205443767704,2
0.07,13,55,4,55004,SA,0.356748675102247,2
0.07,14,56,0,56000,EA,0.26601049197461746,1
0.07,14,56,0,56000,SA,0.21576345238871886,1
0.07,14,56,1,56001,EA,0.24459181101466465,1
0.07,14,56,1,56001,SA,0.25284526086625847,3
0.07,14,56,2,56002,EA,0.35141506341543327,2
0.07,14,56,2,56002,SA,0.25175186261630056,1
0.07,14,56,3,56003,EA,0.2647997116154637,1
0.07,14,56,3,56003,SA,0.25117430332416685,1
0.07,14,56,4,56004,EA,0.24914743259439687,1
0.07,14,56,4,56004,SA,0.26591155431857383,1
0.07,15,57,0,57000,EA,0.48840823192067995,3
0.07,15,57,0,57000,SA,0.29583865900001405,2
0.07,15,57,1,57001,EA,0.44014295822585453,3
0.07,15,57,1,57001,SA,0.45536670756954684,3
0.07,15,57,2,57002,EA,0.48023413308200913,3
0.07,15,57,2,57002,SA,0.19555499082147154,1
0.07,15,57,3,57003,EA,0.32719768552435,2
0.07,15,57,3,57003,SA,0.46549893243244317,3
0.07,15,57,4,57004,EA,0.4339884301295941,3
0.07,15,57,4,57004,SA,0.18750718804224897,1
0.07,16,58,0,58000,EA,0.23968356042560762,1
0.07,16,58,0,58000,SA,0.32362542135501676,2
0.07,16,58,1,58001,EA,0.24081253276586428,1
0.07,16,58,1,58001,SA,0.28527172919318217,2
0.07,16,58,2,58002,EA,0.2952290498720193,2
0.07,16,58,2,58002,SA,0.2503495587319302,1
0.07,16,58,3,58003,EA,0.27602127898144657,2
0.07,16,58,3,58003,SA,0.25218126284861114,1
0.07,16,58,4,58004,EA,0.2389303743263098,1
0.07,16,58,4,58004,SA,0.22112571440355458,1
0.07,17,59,0,59000,EA,0.2577695094763564,2
0.07,17,59,0,59000,SA,0.17719331360453974,1
0.07,17,59,1,59001,EA,0.24348566564462384,2
0.07,17,59,1,59001,SA,0.14721366087831084,1
0.07,17,59,2,59002,EA,0.17774537273663685,1
0.07,17,59,2,59002,SA,0.17259996327224575,1
0.07,17,59,3,59003,EA,0.1673746742460889,1
0.07,17,59,3,59003,SA,0.17145622665598584,1
0.07,17,59,4,59004,EA,0.17749852078880884,1
0.07,17,59,4,59004,SA,0.16121658834121758,1
0.07,18,60,0,60000,EA,0.08393883387409873,1
0.07,18,60,0,60000,SA,0.08393883387409873,1
0.07,18,60,1,60001,EA,0.1793071609564761,2
0.07,18,60,1,60001,SA,0.26246306879830955,3
0.07,18,60,2,60002,EA,0.26032969185167654,3
0.07,18,60,2,60002,SA,0.08440449652165154,1
0.07,18,60,3,60003,EA,0.19030739374934053,2
0.07,18,60,3,60003,SA,0.08441289530930488,1
0.07,18,60,4,60004,EA,0.08393883387409873,1
0.07,18,60,4,60004,SA,0.08393883387409873,1
0.07,19,61,0,61000,EA,0.09276288325209849,1
0.07,19,61,0,61000,SA,0.09471339115010766,1
0.07,19,61,1,61001,EA,0.30963256654057947,3
0.07,19,61,1,61001,SA,0.0928437271830945,1
0.07,19,61,2,61002,EA,0.38286668834680454,3
0.07,19,61,2,61002,SA,0.09374686591940021,1
0.07,19,61,3,61003,EA,0.41075102677897,3
0.07,19,61,3,61003,SA,0.0939932195743419,1
0.07,19,61,4,61004,EA,0.40365249695871747,3
0.07,19,61,4,61004,SA,0.1999600065834371,2
